timestamp;custom sunup;custom sundown;AD sunup;AD sundown;AD sunrise;AD sunset

9:15;True;False;True;False;2020-05-09 05:57:52;2020-05-08 21:18:32
9:16;True;False;True;False;2020-05-09 05:57:52;2020-05-08 21:18:32
9:16;True;False;True;False;2020-05-09 05:57:52;2020-05-08 21:18:32
9:16;True;False;True;False;2020-05-09 05:57:52;2020-05-08 21:18:32
9:16;True;False;True;False;2020-05-09 05:57:52;2020-05-08 21:18:32
9:17;True;False;True;False;2020-05-09 05:57:52;2020-05-08 21:18:32
9:18;True;False;True;False;2020-05-09 05:57:52;2020-05-08 21:18:32
9:19;True;False;True;False;2020-05-09 05:57:52;2020-05-08 21:18:32
9:20;True;False;True;False;2020-05-09 05:57:52;2020-05-08 21:18:32
9:21;True;False;True;False;2020-05-09 05:57:52;2020-05-08 21:18:32
9:22;True;False;True;False;2020-05-09 05:57:52;2020-05-08 21:18:32
9:23;True;False;True;False;2020-05-09 05:57:52;2020-05-08 21:18:32
9:24;True;False;True;False;2020-05-09 05:57:52;2020-05-08 21:18:32
9:25;True;False;True;False;2020-05-09 05:57:52;2020-05-08 21:18:32
9:26;True;False;True;False;2020-05-09 05:57:52;2020-05-08 21:18:32
9:27;True;False;True;False;2020-05-09 05:57:52;2020-05-08 21:18:32
9:28;True;False;True;False;2020-05-09 05:57:52;2020-05-08 21:18:32
9:29;True;False;True;False;2020-05-09 05:57:52;2020-05-08 21:18:32
9:30;True;False;True;False;2020-05-09 05:57:52;2020-05-08 21:18:32
9:31;True;False;True;False;2020-05-09 05:57:52;2020-05-08 21:18:32
9:32;True;False;True;False;2020-05-09 05:57:52;2020-05-08 21:18:32
9:33;True;False;True;False;2020-05-09 05:57:52;2020-05-08 21:18:32
9:34;True;False;True;False;2020-05-09 05:57:52;2020-05-08 21:18:32
9:35;True;False;True;False;2020-05-09 05:57:52;2020-05-08 21:18:32
9:36;True;False;True;False;2020-05-09 05:57:52;2020-05-08 21:18:32
9:37;True;False;True;False;2020-05-09 05:57:52;2020-05-08 21:18:32
9:38;True;False;True;False;2020-05-09 05:57:52;2020-05-08 21:18:32
9:39;True;False;True;False;2020-05-09 05:57:52;2020-05-08 21:18:32
9:40;True;False;True;False;2020-05-09 05:57:52;2020-05-08 21:18:32
9:41;True;False;True;False;2020-05-09 05:57:52;2020-05-08 21:18:32
9:42;True;False;True;False;2020-05-09 05:57:52;2020-05-08 21:18:32
9:43;True;False;True;False;2020-05-09 05:57:52;2020-05-08 21:18:32
9:44;True;False;True;False;2020-05-09 05:57:52;2020-05-08 21:18:32
9:45;True;False;True;False;2020-05-09 05:57:52;2020-05-08 21:18:32
9:46;True;False;True;False;2020-05-09 05:57:52;2020-05-08 21:18:32
9:47;True;False;True;False;2020-05-09 05:57:52;2020-05-08 21:18:32
9:48;True;False;True;False;2020-05-09 05:57:52;2020-05-08 21:18:32
9:49;True;False;True;False;2020-05-09 05:57:52;2020-05-08 21:18:32
9:50;True;False;True;False;2020-05-09 05:57:52;2020-05-08 21:18:32
9:51;True;False;True;False;2020-05-09 05:57:52;2020-05-08 21:18:32
9:52;True;False;True;False;2020-05-09 05:57:52;2020-05-08 21:18:32
9:53;True;False;True;False;2020-05-09 05:57:52;2020-05-08 21:18:32
9:54;True;False;True;False;2020-05-09 05:57:52;2020-05-08 21:18:32
9:55;True;False;True;False;2020-05-09 05:57:52;2020-05-08 21:18:32
9:56;True;False;True;False;2020-05-09 05:57:52;2020-05-08 21:18:32
9:57;True;False;True;False;2020-05-09 05:57:52;2020-05-08 21:18:32
9:58;True;False;True;False;2020-05-09 05:57:52;2020-05-08 21:18:32
9:59;True;False;True;False;2020-05-09 05:57:52;2020-05-08 21:18:32
10:0;True;False;True;False;2020-05-09 05:57:52;2020-05-08 21:18:32
10:1;True;False;True;False;2020-05-09 05:57:52;2020-05-08 21:18:32
10:2;True;False;True;False;2020-05-09 05:57:52;2020-05-08 21:18:32
10:3;True;False;True;False;2020-05-09 05:57:52;2020-05-08 21:18:32
10:4;True;False;True;False;2020-05-09 05:57:52;2020-05-08 21:18:32
10:5;True;False;True;False;2020-05-09 05:57:52;2020-05-08 21:18:32
10:6;True;False;True;False;2020-05-09 05:57:52;2020-05-08 21:18:32
10:7;True;False;True;False;2020-05-09 05:57:52;2020-05-08 21:18:32
10:8;True;False;True;False;2020-05-09 05:57:52;2020-05-08 21:18:32
10:9;True;False;True;False;2020-05-09 05:57:52;2020-05-08 21:18:32
10:10;True;False;True;False;2020-05-09 05:57:52;2020-05-08 21:18:32
10:11;True;False;True;False;2020-05-09 05:57:52;2020-05-08 21:18:32
10:12;True;False;True;False;2020-05-09 05:57:52;2020-05-08 21:18:32
10:13;True;False;True;False;2020-05-09 05:57:52;2020-05-08 21:18:32
10:14;True;False;True;False;2020-05-09 05:57:52;2020-05-08 21:18:32
10:15;True;False;True;False;2020-05-09 05:57:52;2020-05-08 21:18:32
10:16;True;False;True;False;2020-05-09 05:57:52;2020-05-08 21:18:32
10:17;True;False;True;False;2020-05-09 05:57:52;2020-05-08 21:18:32
10:18;True;False;True;False;2020-05-09 05:57:52;2020-05-08 21:18:32
10:19;True;False;True;False;2020-05-09 05:57:52;2020-05-08 21:18:32
10:20;True;False;True;False;2020-05-09 05:57:52;2020-05-08 21:18:32
10:21;True;False;True;False;2020-05-09 05:57:52;2020-05-08 21:18:32
10:22;True;False;True;False;2020-05-09 05:57:52;2020-05-08 21:18:32
10:23;True;False;True;False;2020-05-09 05:57:52;2020-05-08 21:18:32
10:24;True;False;True;False;2020-05-09 05:57:52;2020-05-08 21:18:32
10:25;True;False;True;False;2020-05-09 05:57:52;2020-05-08 21:18:32
10:26;True;False;True;False;2020-05-09 05:57:52;2020-05-08 21:18:32
10:27;True;False;True;False;2020-05-09 05:57:52;2020-05-08 21:18:32
10:28;True;False;True;False;2020-05-09 05:57:52;2020-05-08 21:18:32
10:29;True;False;True;False;2020-05-09 05:57:52;2020-05-08 21:18:32
10:30;True;False;True;False;2020-05-09 05:57:52;2020-05-08 21:18:32
10:31;True;False;True;False;2020-05-09 05:57:52;2020-05-08 21:18:32
10:32;True;False;True;False;2020-05-09 05:57:52;2020-05-08 21:18:32
10:33;True;False;True;False;2020-05-09 05:57:52;2020-05-08 21:18:32
10:34;True;False;True;False;2020-05-09 05:57:52;2020-05-08 21:18:32
10:35;True;False;True;False;2020-05-09 05:57:52;2020-05-08 21:18:32
10:36;True;False;True;False;2020-05-09 05:57:52;2020-05-08 21:18:32
10:37;True;False;True;False;2020-05-09 05:57:52;2020-05-08 21:18:32
10:38;True;False;True;False;2020-05-09 05:57:52;2020-05-08 21:18:32
10:39;True;False;True;False;2020-05-09 05:57:52;2020-05-08 21:18:32
10:40;True;False;True;False;2020-05-09 05:57:52;2020-05-08 21:18:32
10:41;True;False;True;False;2020-05-09 05:57:52;2020-05-08 21:18:32
10:42;True;False;True;False;2020-05-09 05:57:52;2020-05-08 21:18:32
10:43;True;False;True;False;2020-05-09 05:57:52;2020-05-08 21:18:32
10:44;True;False;True;False;2020-05-09 05:57:52;2020-05-08 21:18:32
10:45;True;False;True;False;2020-05-09 05:57:52;2020-05-08 21:18:32
10:46;True;False;True;False;2020-05-09 05:57:52;2020-05-08 21:18:32
10:47;True;False;True;False;2020-05-09 05:57:52;2020-05-08 21:18:32
10:48;True;False;True;False;2020-05-09 05:57:52;2020-05-08 21:18:32
10:49;True;False;True;False;2020-05-09 05:57:52;2020-05-08 21:18:32
10:50;True;False;True;False;2020-05-09 05:57:52;2020-05-08 21:18:32
10:51;True;False;True;False;2020-05-09 05:57:52;2020-05-08 21:18:32
10:52;True;False;True;False;2020-05-09 05:57:52;2020-05-08 21:18:32
10:53;True;False;True;False;2020-05-09 05:57:52;2020-05-08 21:18:32
10:54;True;False;True;False;2020-05-09 05:57:52;2020-05-08 21:18:32
10:55;True;False;True;False;2020-05-09 05:57:52;2020-05-08 21:18:32
10:56;True;False;True;False;2020-05-09 05:57:52;2020-05-08 21:18:32
10:57;True;False;True;False;2020-05-09 05:57:52;2020-05-08 21:18:32
10:58;True;False;True;False;2020-05-09 05:57:52;2020-05-08 21:18:32
10:59;True;False;True;False;2020-05-09 05:57:52;2020-05-08 21:18:32
11:0;True;False;True;False;2020-05-09 05:57:52;2020-05-08 21:18:32
11:1;True;False;True;False;2020-05-09 05:57:52;2020-05-08 21:18:32
11:2;True;False;True;False;2020-05-09 05:57:52;2020-05-08 21:18:32
11:3;True;False;True;False;2020-05-09 05:57:52;2020-05-08 21:18:32
11:4;True;False;True;False;2020-05-09 05:57:52;2020-05-08 21:18:32
11:5;True;False;True;False;2020-05-09 05:57:52;2020-05-08 21:18:32
11:6;True;False;True;False;2020-05-09 05:57:52;2020-05-08 21:18:32
11:7;True;False;True;False;2020-05-09 05:57:52;2020-05-08 21:18:32
11:8;True;False;True;False;2020-05-09 05:57:52;2020-05-08 21:18:32
11:9;True;False;True;False;2020-05-09 05:57:52;2020-05-08 21:18:32
11:10;True;False;True;False;2020-05-09 05:57:52;2020-05-08 21:18:32
11:11;True;False;True;False;2020-05-09 05:57:52;2020-05-08 21:18:32
11:12;True;False;True;False;2020-05-09 05:57:52;2020-05-08 21:18:32
11:13;True;False;True;False;2020-05-09 05:57:52;2020-05-08 21:18:32
11:14;True;False;True;False;2020-05-09 05:57:52;2020-05-08 21:18:32
11:15;True;False;True;False;2020-05-09 05:57:52;2020-05-08 21:18:32
11:16;True;False;True;False;2020-05-09 05:57:52;2020-05-08 21:18:32
11:17;True;False;True;False;2020-05-09 05:57:52;2020-05-08 21:18:32
11:18;True;False;True;False;2020-05-09 05:57:52;2020-05-08 21:18:32
11:19;True;False;True;False;2020-05-09 05:57:52;2020-05-08 21:18:32
11:20;True;False;True;False;2020-05-09 05:57:52;2020-05-08 21:18:32
11:21;True;False;True;False;2020-05-09 05:57:52;2020-05-08 21:18:32
11:22;True;False;True;False;2020-05-09 05:57:52;2020-05-08 21:18:32
11:23;True;False;True;False;2020-05-09 05:57:52;2020-05-08 21:18:32
11:24;True;False;True;False;2020-05-09 05:57:52;2020-05-08 21:18:32
11:25;True;False;True;False;2020-05-09 05:57:52;2020-05-08 21:18:32
11:26;True;False;True;False;2020-05-09 05:57:52;2020-05-08 21:18:32
11:27;True;False;True;False;2020-05-09 05:57:52;2020-05-08 21:18:32
11:28;True;False;True;False;2020-05-09 05:57:52;2020-05-08 21:18:32
11:29;True;False;True;False;2020-05-09 05:57:52;2020-05-08 21:18:32
11:30;True;False;True;False;2020-05-09 05:57:52;2020-05-08 21:18:32
11:31;True;False;True;False;2020-05-09 05:57:52;2020-05-08 21:18:32
11:32;True;False;True;False;2020-05-09 05:57:52;2020-05-08 21:18:32
11:33;True;False;True;False;2020-05-09 05:57:52;2020-05-08 21:18:32
11:34;True;False;True;False;2020-05-09 05:57:52;2020-05-08 21:18:32
11:35;True;False;True;False;2020-05-09 05:57:52;2020-05-08 21:18:32
11:36;True;False;True;False;2020-05-09 05:57:52;2020-05-08 21:18:32
11:37;True;False;True;False;2020-05-09 05:57:52;2020-05-08 21:18:32
11:38;True;False;True;False;2020-05-09 05:57:52;2020-05-08 21:18:32
11:39;True;False;True;False;2020-05-09 05:57:52;2020-05-08 21:18:32
11:40;True;False;True;False;2020-05-09 05:57:52;2020-05-08 21:18:32
11:41;True;False;True;False;2020-05-09 05:57:52;2020-05-08 21:18:32
11:42;True;False;True;False;2020-05-09 05:57:52;2020-05-08 21:18:32
11:43;True;False;True;False;2020-05-09 05:57:52;2020-05-08 21:18:32
11:44;True;False;True;False;2020-05-09 05:57:52;2020-05-08 21:18:32
11:45;True;False;True;False;2020-05-09 05:57:52;2020-05-08 21:18:32
11:46;True;False;True;False;2020-05-09 05:57:52;2020-05-08 21:18:32
11:47;True;False;True;False;2020-05-09 05:57:52;2020-05-08 21:18:32
11:48;True;False;True;False;2020-05-09 05:57:52;2020-05-08 21:18:32
11:49;True;False;True;False;2020-05-09 05:57:52;2020-05-08 21:18:32
11:50;True;False;True;False;2020-05-09 05:57:52;2020-05-08 21:18:32
11:51;True;False;True;False;2020-05-09 05:57:52;2020-05-08 21:18:32
11:52;True;False;True;False;2020-05-09 05:57:52;2020-05-08 21:18:32
11:53;True;False;True;False;2020-05-09 05:57:52;2020-05-08 21:18:32
11:54;True;False;True;False;2020-05-09 05:57:52;2020-05-08 21:18:32
11:55;True;False;True;False;2020-05-09 05:57:52;2020-05-08 21:18:32
11:56;True;False;True;False;2020-05-09 05:57:52;2020-05-08 21:18:32
11:57;True;False;True;False;2020-05-09 05:57:52;2020-05-08 21:18:32
11:58;True;False;True;False;2020-05-09 05:57:52;2020-05-08 21:18:32
11:59;True;False;True;False;2020-05-09 05:57:52;2020-05-08 21:18:32
12:0;True;False;True;False;2020-05-09 05:57:52;2020-05-08 21:18:32
12:1;True;False;True;False;2020-05-09 05:57:52;2020-05-08 21:18:32
12:2;True;False;True;False;2020-05-09 05:57:52;2020-05-08 21:18:32
12:3;True;False;True;False;2020-05-09 05:57:52;2020-05-08 21:18:32
12:4;True;False;True;False;2020-05-09 05:57:52;2020-05-08 21:18:32
12:5;True;False;True;False;2020-05-09 05:57:52;2020-05-08 21:18:32
12:6;True;False;True;False;2020-05-09 05:57:52;2020-05-08 21:18:32
12:7;True;False;True;False;2020-05-09 05:57:52;2020-05-08 21:18:32
12:8;True;False;True;False;2020-05-09 05:57:52;2020-05-08 21:18:32
12:9;True;False;True;False;2020-05-09 05:57:52;2020-05-08 21:18:32
12:10;True;False;True;False;2020-05-09 05:57:52;2020-05-08 21:18:32
12:11;True;False;True;False;2020-05-09 05:57:52;2020-05-08 21:18:32
12:12;True;False;True;False;2020-05-09 05:57:52;2020-05-08 21:18:32
12:13;True;False;True;False;2020-05-09 05:57:52;2020-05-08 21:18:32
12:14;True;False;True;False;2020-05-09 05:57:52;2020-05-08 21:18:32
12:15;True;False;True;False;2020-05-09 05:57:52;2020-05-08 21:18:32
12:16;True;False;True;False;2020-05-09 05:57:52;2020-05-08 21:18:32
12:17;True;False;True;False;2020-05-09 05:57:52;2020-05-08 21:18:32
12:18;True;False;True;False;2020-05-09 05:57:52;2020-05-08 21:18:32
12:19;True;False;True;False;2020-05-09 05:57:52;2020-05-08 21:18:32
12:20;True;False;True;False;2020-05-09 05:57:52;2020-05-08 21:18:32
12:21;True;False;True;False;2020-05-09 05:57:52;2020-05-08 21:18:32
12:22;True;False;True;False;2020-05-09 05:57:52;2020-05-08 21:18:32
12:23;True;False;True;False;2020-05-09 05:57:52;2020-05-08 21:18:32
12:24;True;False;True;False;2020-05-09 05:57:52;2020-05-08 21:18:32
12:25;True;False;True;False;2020-05-09 05:57:52;2020-05-08 21:18:32
12:26;True;False;True;False;2020-05-09 05:57:52;2020-05-08 21:18:32
12:27;True;False;True;False;2020-05-09 05:57:52;2020-05-08 21:18:32
12:28;True;False;True;False;2020-05-09 05:57:52;2020-05-08 21:18:32
12:29;True;False;True;False;2020-05-09 05:57:52;2020-05-08 21:18:32
12:30;True;False;True;False;2020-05-09 05:57:52;2020-05-08 21:18:32
12:31;True;False;True;False;2020-05-09 05:57:52;2020-05-08 21:18:32
12:32;True;False;True;False;2020-05-09 05:57:52;2020-05-08 21:18:32
12:33;True;False;True;False;2020-05-09 05:57:52;2020-05-08 21:18:32
12:34;True;False;True;False;2020-05-09 05:57:52;2020-05-08 21:18:32
12:35;True;False;True;False;2020-05-09 05:57:52;2020-05-08 21:18:32
12:36;True;False;True;False;2020-05-09 05:57:52;2020-05-08 21:18:32
12:37;True;False;True;False;2020-05-09 05:57:52;2020-05-08 21:18:32
12:38;True;False;True;False;2020-05-09 05:57:52;2020-05-08 21:18:32
12:39;True;False;True;False;2020-05-09 05:57:52;2020-05-08 21:18:32
12:40;True;False;True;False;2020-05-09 05:57:52;2020-05-08 21:18:32
12:41;True;False;True;False;2020-05-09 05:57:52;2020-05-08 21:18:32
12:42;True;False;True;False;2020-05-09 05:57:52;2020-05-08 21:18:32
12:43;True;False;True;False;2020-05-09 05:57:52;2020-05-08 21:18:32
12:44;True;False;True;False;2020-05-09 05:57:52;2020-05-08 21:18:32
12:45;True;False;True;False;2020-05-09 05:57:52;2020-05-08 21:18:32
12:46;True;False;True;False;2020-05-09 05:57:52;2020-05-08 21:18:32
12:47;True;False;True;False;2020-05-09 05:57:52;2020-05-08 21:18:32
12:48;True;False;True;False;2020-05-09 05:57:52;2020-05-08 21:18:32
12:49;True;False;True;False;2020-05-09 05:57:52;2020-05-08 21:18:32
12:50;True;False;True;False;2020-05-09 05:57:52;2020-05-08 21:18:32
12:51;True;False;True;False;2020-05-09 05:57:52;2020-05-08 21:18:32
12:52;True;False;True;False;2020-05-09 05:57:52;2020-05-08 21:18:32
12:53;True;False;True;False;2020-05-09 05:57:52;2020-05-08 21:18:32
12:54;True;False;True;False;2020-05-09 05:57:52;2020-05-08 21:18:32
12:55;True;False;True;False;2020-05-09 05:57:52;2020-05-08 21:18:32
12:56;True;False;True;False;2020-05-09 05:57:52;2020-05-08 21:18:32
12:57;True;False;True;False;2020-05-09 05:57:52;2020-05-08 21:18:32
12:58;True;False;True;False;2020-05-09 05:57:52;2020-05-08 21:18:32
12:59;True;False;True;False;2020-05-09 05:57:52;2020-05-08 21:18:32
13:0;True;False;True;False;2020-05-09 05:57:52;2020-05-08 21:18:32
13:1;True;False;True;False;2020-05-09 05:57:52;2020-05-08 21:18:32
13:2;True;False;True;False;2020-05-09 05:57:52;2020-05-08 21:18:32
13:3;True;False;True;False;2020-05-09 05:57:52;2020-05-08 21:18:32
13:4;True;False;True;False;2020-05-09 05:57:52;2020-05-08 21:18:32
13:5;True;False;True;False;2020-05-09 05:57:52;2020-05-08 21:18:32
13:6;True;False;True;False;2020-05-09 05:57:52;2020-05-08 21:18:32
13:7;True;False;True;False;2020-05-09 05:57:52;2020-05-08 21:18:32
13:8;True;False;True;False;2020-05-09 05:57:52;2020-05-08 21:18:32
13:9;True;False;True;False;2020-05-09 05:57:52;2020-05-08 21:18:32
13:10;True;False;True;False;2020-05-09 05:57:52;2020-05-08 21:18:32
13:11;True;False;True;False;2020-05-09 05:57:52;2020-05-08 21:18:32
13:12;True;False;True;False;2020-05-09 05:57:52;2020-05-08 21:18:32
13:13;True;False;True;False;2020-05-09 05:57:52;2020-05-08 21:18:32
13:14;True;False;True;False;2020-05-09 05:57:52;2020-05-08 21:18:32
13:15;True;False;True;False;2020-05-09 05:57:52;2020-05-08 21:18:32
13:16;True;False;True;False;2020-05-09 05:57:52;2020-05-08 21:18:32
13:17;True;False;True;False;2020-05-09 05:57:52;2020-05-08 21:18:32
13:18;True;False;True;False;2020-05-09 05:57:52;2020-05-08 21:18:32
13:19;True;False;True;False;2020-05-09 05:57:52;2020-05-08 21:18:32
13:20;True;False;True;False;2020-05-09 05:57:52;2020-05-08 21:18:32
13:21;True;False;True;False;2020-05-09 05:57:52;2020-05-08 21:18:32
13:22;True;False;True;False;2020-05-09 05:57:52;2020-05-08 21:18:32
13:23;True;False;True;False;2020-05-09 05:57:52;2020-05-08 21:18:32
13:24;True;False;True;False;2020-05-09 05:57:52;2020-05-08 21:18:32
13:25;True;False;True;False;2020-05-09 05:57:52;2020-05-08 21:18:32
13:26;True;False;True;False;2020-05-09 05:57:52;2020-05-08 21:18:32
13:27;True;False;True;False;2020-05-09 05:57:52;2020-05-08 21:18:32
13:28;True;False;True;False;2020-05-09 05:57:52;2020-05-08 21:18:32
13:29;True;False;True;False;2020-05-09 05:57:52;2020-05-08 21:18:32
13:30;True;False;True;False;2020-05-09 05:57:52;2020-05-08 21:18:32
13:31;True;False;True;False;2020-05-09 05:57:52;2020-05-08 21:18:32
13:32;True;False;True;False;2020-05-09 05:57:52;2020-05-08 21:18:32
13:33;True;False;True;False;2020-05-09 05:57:52;2020-05-08 21:18:32
13:34;True;False;True;False;2020-05-09 05:57:52;2020-05-08 21:18:32
13:35;True;False;True;False;2020-05-09 05:57:52;2020-05-08 21:18:32
13:36;True;False;True;False;2020-05-09 05:57:52;2020-05-08 21:18:32
13:37;True;False;True;False;2020-05-09 05:57:52;2020-05-08 21:18:32
13:38;True;False;True;False;2020-05-09 05:57:52;2020-05-08 21:18:32
13:39;True;False;True;False;2020-05-09 05:57:52;2020-05-08 21:18:32
13:40;True;False;True;False;2020-05-09 05:57:52;2020-05-08 21:18:32
13:41;True;False;True;False;2020-05-09 05:57:52;2020-05-08 21:18:32
13:42;True;False;True;False;2020-05-09 05:57:52;2020-05-08 21:18:32
13:43;True;False;True;False;2020-05-09 05:57:52;2020-05-08 21:18:32
13:44;True;False;True;False;2020-05-09 05:57:52;2020-05-08 21:18:32
13:45;True;False;True;False;2020-05-09 05:57:52;2020-05-08 21:18:32
13:46;True;False;True;False;2020-05-09 05:57:52;2020-05-08 21:18:32
13:47;True;False;True;False;2020-05-09 05:57:52;2020-05-08 21:18:32
13:48;True;False;True;False;2020-05-09 05:57:52;2020-05-08 21:18:32
13:49;True;False;True;False;2020-05-09 05:57:52;2020-05-08 21:18:32
13:50;True;False;True;False;2020-05-09 05:57:52;2020-05-08 21:18:32
13:51;True;False;True;False;2020-05-09 05:57:52;2020-05-08 21:18:32
13:52;True;False;True;False;2020-05-09 05:57:52;2020-05-08 21:18:32
13:53;True;False;True;False;2020-05-09 05:57:52;2020-05-08 21:18:32
13:54;True;False;True;False;2020-05-09 05:57:52;2020-05-08 21:18:32
13:55;True;False;True;False;2020-05-09 05:57:52;2020-05-08 21:18:32
13:56;True;False;True;False;2020-05-09 05:57:52;2020-05-08 21:18:32
13:57;True;False;True;False;2020-05-09 05:57:52;2020-05-08 21:18:32
13:58;True;False;True;False;2020-05-09 05:57:52;2020-05-08 21:18:32
13:59;True;False;True;False;2020-05-09 05:57:52;2020-05-08 21:18:32
14:0;True;False;True;False;2020-05-09 05:57:52;2020-05-08 21:18:32
14:1;True;False;True;False;2020-05-09 05:57:52;2020-05-08 21:18:32
14:2;True;False;True;False;2020-05-09 05:57:52;2020-05-08 21:18:32
14:3;True;False;True;False;2020-05-09 05:57:52;2020-05-08 21:18:32
14:4;True;False;True;False;2020-05-09 05:57:52;2020-05-08 21:18:32
14:5;True;False;True;False;2020-05-09 05:57:52;2020-05-08 21:18:32
14:6;True;False;True;False;2020-05-09 05:57:52;2020-05-08 21:18:32
14:7;True;False;True;False;2020-05-09 05:57:52;2020-05-08 21:18:32
14:8;True;False;True;False;2020-05-09 05:57:52;2020-05-08 21:18:32
14:9;True;False;True;False;2020-05-09 05:57:52;2020-05-08 21:18:32
14:10;True;False;True;False;2020-05-09 05:57:52;2020-05-08 21:18:32
14:11;True;False;True;False;2020-05-09 05:57:52;2020-05-08 21:18:32
14:12;True;False;True;False;2020-05-09 05:57:52;2020-05-08 21:18:32
14:13;True;False;True;False;2020-05-09 05:57:52;2020-05-08 21:18:32
14:14;True;False;True;False;2020-05-09 05:57:52;2020-05-08 21:18:32
14:15;True;False;True;False;2020-05-09 05:57:52;2020-05-08 21:18:32
14:16;True;False;True;False;2020-05-09 05:57:52;2020-05-08 21:18:32
14:17;True;False;True;False;2020-05-09 05:57:52;2020-05-08 21:18:32
14:18;True;False;True;False;2020-05-09 05:57:52;2020-05-08 21:18:32
14:19;True;False;True;False;2020-05-09 05:57:52;2020-05-08 21:18:32
14:20;True;False;True;False;2020-05-09 05:57:52;2020-05-08 21:18:32
14:21;True;False;True;False;2020-05-09 05:57:52;2020-05-08 21:18:32
14:22;True;False;True;False;2020-05-09 05:57:52;2020-05-08 21:18:32
14:23;True;False;True;False;2020-05-09 05:57:52;2020-05-08 21:18:32
14:24;True;False;True;False;2020-05-09 05:57:52;2020-05-08 21:18:32
14:25;True;False;True;False;2020-05-09 05:57:52;2020-05-08 21:18:32
14:26;True;False;True;False;2020-05-09 05:57:52;2020-05-08 21:18:32
14:27;True;False;True;False;2020-05-09 05:57:52;2020-05-08 21:18:32
14:28;True;False;True;False;2020-05-09 05:57:52;2020-05-08 21:18:32
14:29;True;False;True;False;2020-05-09 05:57:52;2020-05-08 21:18:32
14:30;True;False;True;False;2020-05-09 05:57:52;2020-05-08 21:18:32
14:31;True;False;True;False;2020-05-09 05:57:52;2020-05-08 21:18:32
14:32;True;False;True;False;2020-05-09 05:57:52;2020-05-08 21:18:32
14:33;True;False;True;False;2020-05-09 05:57:52;2020-05-08 21:18:32
14:34;True;False;True;False;2020-05-09 05:57:52;2020-05-08 21:18:32
14:35;True;False;True;False;2020-05-09 05:57:52;2020-05-08 21:18:32
14:36;True;False;True;False;2020-05-09 05:57:52;2020-05-08 21:18:32
14:37;True;False;True;False;2020-05-09 05:57:52;2020-05-08 21:18:32
14:38;True;False;True;False;2020-05-09 05:57:52;2020-05-08 21:18:32
14:39;True;False;True;False;2020-05-09 05:57:52;2020-05-08 21:18:32
14:40;True;False;True;False;2020-05-09 05:57:52;2020-05-08 21:18:32
14:41;True;False;True;False;2020-05-09 05:57:52;2020-05-08 21:18:32
14:42;True;False;True;False;2020-05-09 05:57:52;2020-05-08 21:18:32
14:43;True;False;True;False;2020-05-09 05:57:52;2020-05-08 21:18:32
14:44;True;False;True;False;2020-05-09 05:57:52;2020-05-08 21:18:32
14:45;True;False;True;False;2020-05-09 05:57:52;2020-05-08 21:18:32
14:46;True;False;True;False;2020-05-09 05:57:52;2020-05-08 21:18:32
14:47;True;False;True;False;2020-05-09 05:57:52;2020-05-08 21:18:32
14:48;True;False;True;False;2020-05-09 05:57:52;2020-05-08 21:18:32
14:49;True;False;True;False;2020-05-09 05:57:52;2020-05-08 21:18:32
14:50;True;False;True;False;2020-05-09 05:57:52;2020-05-08 21:18:32
14:51;True;False;True;False;2020-05-09 05:57:52;2020-05-08 21:18:32
14:52;True;False;True;False;2020-05-09 05:57:52;2020-05-08 21:18:32
14:53;True;False;True;False;2020-05-09 05:57:52;2020-05-08 21:18:32
14:54;True;False;True;False;2020-05-09 05:57:52;2020-05-08 21:18:32
14:55;True;False;True;False;2020-05-09 05:57:52;2020-05-08 21:18:32
14:56;True;False;True;False;2020-05-09 05:57:52;2020-05-08 21:18:32
14:57;True;False;True;False;2020-05-09 05:57:52;2020-05-08 21:18:32
14:58;True;False;True;False;2020-05-09 05:57:52;2020-05-08 21:18:32
14:59;True;False;True;False;2020-05-09 05:57:52;2020-05-08 21:18:32
15:0;True;False;True;False;2020-05-09 05:57:52;2020-05-08 21:18:32
15:1;True;False;True;False;2020-05-09 05:57:52;2020-05-08 21:18:32
15:2;True;False;True;False;2020-05-09 05:57:52;2020-05-08 21:18:32
15:3;True;False;True;False;2020-05-09 05:57:52;2020-05-08 21:18:32
15:4;True;False;True;False;2020-05-09 05:57:52;2020-05-08 21:18:32
15:5;True;False;True;False;2020-05-09 05:57:52;2020-05-08 21:18:32
15:6;True;False;True;False;2020-05-09 05:57:52;2020-05-08 21:18:32
15:7;True;False;True;False;2020-05-09 05:57:52;2020-05-08 21:18:32
15:8;True;False;True;False;2020-05-09 05:57:52;2020-05-08 21:18:32
15:9;True;False;True;False;2020-05-09 05:57:52;2020-05-08 21:18:32
15:10;True;False;True;False;2020-05-09 05:57:52;2020-05-08 21:18:32
15:11;True;False;True;False;2020-05-09 05:57:52;2020-05-08 21:18:32
15:12;True;False;True;False;2020-05-09 05:57:52;2020-05-08 21:18:32
15:13;True;False;True;False;2020-05-09 05:57:52;2020-05-08 21:18:32
15:14;True;False;True;False;2020-05-09 05:57:52;2020-05-08 21:18:32
15:15;True;False;True;False;2020-05-09 05:57:52;2020-05-08 21:18:32
15:16;True;False;True;False;2020-05-09 05:57:52;2020-05-08 21:18:32
15:17;True;False;True;False;2020-05-09 05:57:52;2020-05-08 21:18:32
15:18;True;False;True;False;2020-05-09 05:57:52;2020-05-08 21:18:32
15:19;True;False;True;False;2020-05-09 05:57:52;2020-05-08 21:18:32
15:20;True;False;True;False;2020-05-09 05:57:52;2020-05-08 21:18:32
15:21;True;False;True;False;2020-05-09 05:57:52;2020-05-08 21:18:32
15:22;True;False;True;False;2020-05-09 05:57:52;2020-05-08 21:18:32
15:23;True;False;True;False;2020-05-09 05:57:52;2020-05-08 21:18:32
15:24;True;False;True;False;2020-05-09 05:57:52;2020-05-08 21:18:32
15:25;True;False;True;False;2020-05-09 05:57:52;2020-05-08 21:18:32
15:26;True;False;True;False;2020-05-09 05:57:52;2020-05-08 21:18:32
15:27;True;False;True;False;2020-05-09 05:57:52;2020-05-08 21:18:32
15:28;True;False;True;False;2020-05-09 05:57:52;2020-05-08 21:18:32
15:29;True;False;True;False;2020-05-09 05:57:52;2020-05-08 21:18:32
15:30;True;False;True;False;2020-05-09 05:57:52;2020-05-08 21:18:32
15:31;True;False;True;False;2020-05-09 05:57:52;2020-05-08 21:18:32
15:32;True;False;True;False;2020-05-09 05:57:52;2020-05-08 21:18:32
15:33;True;False;True;False;2020-05-09 05:57:52;2020-05-08 21:18:32
15:34;True;False;True;False;2020-05-09 05:57:52;2020-05-08 21:18:32
15:35;True;False;True;False;2020-05-09 05:57:52;2020-05-08 21:18:32
15:36;True;False;True;False;2020-05-09 05:57:52;2020-05-08 21:18:32
15:37;True;False;True;False;2020-05-09 05:57:52;2020-05-08 21:18:32
15:38;True;False;True;False;2020-05-09 05:57:52;2020-05-08 21:18:32
15:39;True;False;True;False;2020-05-09 05:57:52;2020-05-08 21:18:32
15:40;True;False;True;False;2020-05-09 05:57:52;2020-05-08 21:18:32
15:41;True;False;True;False;2020-05-09 05:57:52;2020-05-08 21:18:32
15:42;True;False;True;False;2020-05-09 05:57:52;2020-05-08 21:18:32
15:43;True;False;True;False;2020-05-09 05:57:52;2020-05-08 21:18:32
15:44;True;False;True;False;2020-05-09 05:57:52;2020-05-08 21:18:32
15:45;True;False;True;False;2020-05-09 05:57:52;2020-05-08 21:18:32
15:46;True;False;True;False;2020-05-09 05:57:52;2020-05-08 21:18:32
15:47;True;False;True;False;2020-05-09 05:57:52;2020-05-08 21:18:32
15:48;True;False;True;False;2020-05-09 05:57:52;2020-05-08 21:18:32
15:49;True;False;True;False;2020-05-09 05:57:52;2020-05-08 21:18:32
15:50;True;False;True;False;2020-05-09 05:57:52;2020-05-08 21:18:32
15:51;True;False;True;False;2020-05-09 05:57:52;2020-05-08 21:18:32
15:52;True;False;True;False;2020-05-09 05:57:52;2020-05-08 21:18:32
15:53;True;False;True;False;2020-05-09 05:57:52;2020-05-08 21:18:32
15:54;True;False;True;False;2020-05-09 05:57:52;2020-05-08 21:18:32
15:55;True;False;True;False;2020-05-09 05:57:52;2020-05-08 21:18:32
15:56;True;False;True;False;2020-05-09 05:57:52;2020-05-08 21:18:32
15:57;True;False;True;False;2020-05-09 05:57:52;2020-05-08 21:18:32
15:58;True;False;True;False;2020-05-09 05:57:52;2020-05-08 21:18:32
15:59;True;False;True;False;2020-05-09 05:57:52;2020-05-08 21:18:32
16:0;True;False;True;False;2020-05-09 05:57:52;2020-05-08 21:18:32
16:1;True;False;True;False;2020-05-09 05:57:52;2020-05-08 21:18:32
16:2;True;False;True;False;2020-05-09 05:57:52;2020-05-08 21:18:32
16:3;True;False;True;False;2020-05-09 05:57:52;2020-05-08 21:18:32
16:4;True;False;True;False;2020-05-09 05:57:52;2020-05-08 21:18:32
16:5;True;False;True;False;2020-05-09 05:57:52;2020-05-08 21:18:32
16:6;True;False;True;False;2020-05-09 05:57:52;2020-05-08 21:18:32
16:7;True;False;True;False;2020-05-09 05:57:52;2020-05-08 21:18:32
16:8;True;False;True;False;2020-05-09 05:57:52;2020-05-08 21:18:32
16:9;True;False;True;False;2020-05-09 05:57:52;2020-05-08 21:18:32
16:10;True;False;True;False;2020-05-09 05:57:52;2020-05-08 21:18:32
16:11;True;False;True;False;2020-05-09 05:57:52;2020-05-08 21:18:32
16:12;True;False;True;False;2020-05-09 05:57:52;2020-05-08 21:18:32
16:13;True;False;True;False;2020-05-09 05:57:52;2020-05-08 21:18:32
16:14;True;False;True;False;2020-05-09 05:57:52;2020-05-08 21:18:32
16:15;True;False;True;False;2020-05-09 05:57:52;2020-05-08 21:18:32
16:16;True;False;True;False;2020-05-09 05:57:52;2020-05-08 21:18:32
16:17;True;False;True;False;2020-05-09 05:57:52;2020-05-08 21:18:32
16:18;True;False;True;False;2020-05-09 05:57:52;2020-05-08 21:18:32
16:19;True;False;True;False;2020-05-09 05:57:52;2020-05-08 21:18:32
16:20;True;False;True;False;2020-05-09 05:57:52;2020-05-08 21:18:32
16:21;True;False;True;False;2020-05-09 05:57:52;2020-05-08 21:18:32
16:22;True;False;True;False;2020-05-09 05:57:52;2020-05-08 21:18:32
16:23;True;False;True;False;2020-05-09 05:57:52;2020-05-08 21:18:32
16:24;True;False;True;False;2020-05-09 05:57:52;2020-05-08 21:18:32
16:25;True;False;True;False;2020-05-09 05:57:52;2020-05-08 21:18:32
16:26;True;False;True;False;2020-05-09 05:57:52;2020-05-08 21:18:32
16:27;True;False;True;False;2020-05-09 05:57:52;2020-05-08 21:18:32
16:28;True;False;True;False;2020-05-09 05:57:52;2020-05-08 21:18:32
16:29;True;False;True;False;2020-05-09 05:57:52;2020-05-08 21:18:32
16:30;True;False;True;False;2020-05-09 05:57:52;2020-05-08 21:18:32
16:31;True;False;True;False;2020-05-09 05:57:52;2020-05-08 21:18:32
16:32;True;False;True;False;2020-05-09 05:57:52;2020-05-08 21:18:32
16:33;True;False;True;False;2020-05-09 05:57:52;2020-05-08 21:18:32
16:34;True;False;True;False;2020-05-09 05:57:52;2020-05-08 21:18:32
16:35;True;False;True;False;2020-05-09 05:57:52;2020-05-08 21:18:32
16:36;True;False;True;False;2020-05-09 05:57:52;2020-05-08 21:18:32
16:37;True;False;True;False;2020-05-09 05:57:52;2020-05-08 21:18:32
16:38;True;False;True;False;2020-05-09 05:57:52;2020-05-08 21:18:32
16:39;True;False;True;False;2020-05-09 05:57:52;2020-05-08 21:18:32
16:40;True;False;True;False;2020-05-09 05:57:52;2020-05-08 21:18:32
16:41;True;False;True;False;2020-05-09 05:57:52;2020-05-08 21:18:32
16:42;True;False;True;False;2020-05-09 05:57:52;2020-05-08 21:18:32
16:43;True;False;True;False;2020-05-09 05:57:52;2020-05-08 21:18:32
16:44;True;False;True;False;2020-05-09 05:57:52;2020-05-08 21:18:32
16:45;True;False;True;False;2020-05-09 05:57:52;2020-05-08 21:18:32
16:46;True;False;True;False;2020-05-09 05:57:52;2020-05-08 21:18:32
16:47;True;False;True;False;2020-05-09 05:57:52;2020-05-08 21:18:32
16:48;True;False;True;False;2020-05-09 05:57:52;2020-05-08 21:18:32
16:49;True;False;True;False;2020-05-09 05:57:52;2020-05-08 21:18:32
16:50;True;False;True;False;2020-05-09 05:57:52;2020-05-08 21:18:32
16:51;True;False;True;False;2020-05-09 05:57:52;2020-05-08 21:18:32
16:52;True;False;True;False;2020-05-09 05:57:52;2020-05-08 21:18:32
16:53;True;False;True;False;2020-05-09 05:57:52;2020-05-08 21:18:32
16:54;True;False;True;False;2020-05-09 05:57:52;2020-05-08 21:18:32
16:55;True;False;True;False;2020-05-09 05:57:52;2020-05-08 21:18:32
16:56;True;False;True;False;2020-05-09 05:57:52;2020-05-08 21:18:32
16:57;True;False;True;False;2020-05-09 05:57:52;2020-05-08 21:18:32
16:58;True;False;True;False;2020-05-09 05:57:52;2020-05-08 21:18:32
16:59;True;False;True;False;2020-05-09 05:57:52;2020-05-08 21:18:32
17:0;True;False;True;False;2020-05-09 05:57:52;2020-05-08 21:18:32
17:1;True;False;True;False;2020-05-09 05:57:52;2020-05-08 21:18:32
17:2;True;False;True;False;2020-05-09 05:57:52;2020-05-08 21:18:32
17:3;True;False;True;False;2020-05-09 05:57:52;2020-05-08 21:18:32
17:4;True;False;True;False;2020-05-09 05:57:52;2020-05-08 21:18:32
17:5;True;False;True;False;2020-05-09 05:57:52;2020-05-08 21:18:32
17:6;True;False;True;False;2020-05-09 05:57:52;2020-05-08 21:18:32
17:7;True;False;True;False;2020-05-09 05:57:52;2020-05-08 21:18:32
17:8;True;False;True;False;2020-05-09 05:57:52;2020-05-08 21:18:32
17:9;True;False;True;False;2020-05-09 05:57:52;2020-05-08 21:18:32
17:10;True;False;True;False;2020-05-09 05:57:52;2020-05-08 21:18:32
17:11;True;False;True;False;2020-05-09 05:57:52;2020-05-08 21:18:32
17:12;True;False;True;False;2020-05-09 05:57:52;2020-05-08 21:18:32
17:13;True;False;True;False;2020-05-09 05:57:52;2020-05-08 21:18:32
17:14;True;False;True;False;2020-05-09 05:57:52;2020-05-08 21:18:32
17:15;True;False;True;False;2020-05-09 05:57:52;2020-05-08 21:18:32
17:16;True;False;True;False;2020-05-09 05:57:52;2020-05-08 21:18:32
17:17;True;False;True;False;2020-05-09 05:57:52;2020-05-08 21:18:32
17:18;True;False;True;False;2020-05-09 05:57:52;2020-05-08 21:18:32
17:19;True;False;True;False;2020-05-09 05:57:52;2020-05-08 21:18:32
17:20;True;False;True;False;2020-05-09 05:57:52;2020-05-08 21:18:32
17:21;True;False;True;False;2020-05-09 05:57:52;2020-05-08 21:18:32
17:22;True;False;True;False;2020-05-09 05:57:52;2020-05-08 21:18:32
17:23;True;False;True;False;2020-05-09 05:57:52;2020-05-08 21:18:32
17:24;True;False;True;False;2020-05-09 05:57:52;2020-05-08 21:18:32
17:25;True;False;True;False;2020-05-09 05:57:52;2020-05-08 21:18:32
17:26;True;False;True;False;2020-05-09 05:57:52;2020-05-08 21:18:32
17:27;True;False;True;False;2020-05-09 05:57:52;2020-05-08 21:18:32
17:28;True;False;True;False;2020-05-09 05:57:52;2020-05-08 21:18:32
17:29;True;False;True;False;2020-05-09 05:57:52;2020-05-08 21:18:32
17:30;True;False;True;False;2020-05-09 05:57:52;2020-05-08 21:18:32
17:31;True;False;True;False;2020-05-09 05:57:52;2020-05-08 21:18:32
17:32;True;False;True;False;2020-05-09 05:57:52;2020-05-08 21:18:32
17:33;True;False;True;False;2020-05-09 05:57:52;2020-05-08 21:18:32
17:34;True;False;True;False;2020-05-09 05:57:52;2020-05-08 21:18:32
17:35;True;False;True;False;2020-05-09 05:57:52;2020-05-08 21:18:32
17:36;True;False;True;False;2020-05-09 05:57:52;2020-05-08 21:18:32
17:37;True;False;True;False;2020-05-09 05:57:52;2020-05-08 21:18:32
17:38;True;False;True;False;2020-05-09 05:57:52;2020-05-08 21:18:32
17:39;True;False;True;False;2020-05-09 05:57:52;2020-05-08 21:18:32
17:40;True;False;True;False;2020-05-09 05:57:52;2020-05-08 21:18:32
17:41;True;False;True;False;2020-05-09 05:57:52;2020-05-08 21:18:32
17:42;True;False;True;False;2020-05-09 05:57:52;2020-05-08 21:18:32
17:43;True;False;True;False;2020-05-09 05:57:52;2020-05-08 21:18:32
17:44;True;False;True;False;2020-05-09 05:57:52;2020-05-08 21:18:32
17:45;True;False;True;False;2020-05-09 05:57:52;2020-05-08 21:18:32
17:46;True;False;True;False;2020-05-09 05:57:52;2020-05-08 21:18:32
17:47;True;False;True;False;2020-05-09 05:57:52;2020-05-08 21:18:32
17:48;True;False;True;False;2020-05-09 05:57:52;2020-05-08 21:18:32
17:49;True;False;True;False;2020-05-09 05:57:52;2020-05-08 21:18:32
17:50;True;False;True;False;2020-05-09 05:57:52;2020-05-08 21:18:32
17:51;True;False;True;False;2020-05-09 05:57:52;2020-05-08 21:18:32
17:52;True;False;True;False;2020-05-09 05:57:52;2020-05-08 21:18:32
17:53;True;False;True;False;2020-05-09 05:57:52;2020-05-08 21:18:32
17:54;True;False;True;False;2020-05-09 05:57:52;2020-05-08 21:18:32
17:55;True;False;True;False;2020-05-09 05:57:52;2020-05-08 21:18:32
17:56;True;False;True;False;2020-05-09 05:57:52;2020-05-08 21:18:32
17:57;True;False;True;False;2020-05-09 05:57:52;2020-05-08 21:18:32
17:58;True;False;True;False;2020-05-09 05:57:52;2020-05-08 21:18:32
17:59;True;False;True;False;2020-05-09 05:57:52;2020-05-08 21:18:32
18:0;True;False;True;False;2020-05-09 05:57:52;2020-05-08 21:18:32
18:1;True;False;True;False;2020-05-09 05:57:52;2020-05-08 21:18:32
18:2;True;False;True;False;2020-05-09 05:57:52;2020-05-08 21:18:32
18:3;True;False;True;False;2020-05-09 05:57:52;2020-05-08 21:18:32
18:4;True;False;True;False;2020-05-09 05:57:52;2020-05-08 21:18:32
18:5;True;False;True;False;2020-05-09 05:57:52;2020-05-08 21:18:32
18:6;True;False;True;False;2020-05-09 05:57:52;2020-05-08 21:18:32
18:7;True;False;True;False;2020-05-09 05:57:52;2020-05-08 21:18:32
18:8;True;False;True;False;2020-05-09 05:57:52;2020-05-08 21:18:32
18:9;True;False;True;False;2020-05-09 05:57:52;2020-05-08 21:18:32
18:10;True;False;True;False;2020-05-09 05:57:52;2020-05-08 21:18:32
18:11;True;False;True;False;2020-05-09 05:57:52;2020-05-08 21:18:32
18:12;True;False;True;False;2020-05-09 05:57:52;2020-05-08 21:18:32
18:13;True;False;True;False;2020-05-09 05:57:52;2020-05-08 21:18:32
18:14;True;False;True;False;2020-05-09 05:57:52;2020-05-08 21:18:32
18:15;True;False;True;False;2020-05-09 05:57:52;2020-05-08 21:18:32
18:16;True;False;True;False;2020-05-09 05:57:52;2020-05-08 21:18:32
18:17;True;False;True;False;2020-05-09 05:57:52;2020-05-08 21:18:32
18:18;True;False;True;False;2020-05-09 05:57:52;2020-05-08 21:18:32
18:19;True;False;True;False;2020-05-09 05:57:52;2020-05-08 21:18:32
18:20;True;False;True;False;2020-05-09 05:57:52;2020-05-08 21:18:32
18:21;True;False;True;False;2020-05-09 05:57:52;2020-05-08 21:18:32
18:22;True;False;True;False;2020-05-09 05:57:52;2020-05-08 21:18:32
18:23;True;False;True;False;2020-05-09 05:57:52;2020-05-08 21:18:32
18:24;True;False;True;False;2020-05-09 05:57:52;2020-05-08 21:18:32
18:25;True;False;True;False;2020-05-09 05:57:52;2020-05-08 21:18:32
18:26;True;False;True;False;2020-05-09 05:57:52;2020-05-08 21:18:32
18:27;True;False;True;False;2020-05-09 05:57:52;2020-05-08 21:18:32
18:28;True;False;True;False;2020-05-09 05:57:52;2020-05-08 21:18:32
18:29;True;False;True;False;2020-05-09 05:57:52;2020-05-08 21:18:32
18:30;True;False;True;False;2020-05-09 05:57:52;2020-05-08 21:18:32
18:31;True;False;True;False;2020-05-09 05:57:52;2020-05-08 21:18:32
18:32;True;False;True;False;2020-05-09 05:57:52;2020-05-08 21:18:32
18:33;True;False;True;False;2020-05-09 05:57:52;2020-05-08 21:18:32
18:34;True;False;True;False;2020-05-09 05:57:52;2020-05-08 21:18:32
18:35;True;False;True;False;2020-05-09 05:57:52;2020-05-08 21:18:32
18:36;True;False;True;False;2020-05-09 05:57:52;2020-05-08 21:18:32
18:37;True;False;True;False;2020-05-09 05:57:52;2020-05-08 21:18:32
18:38;True;False;True;False;2020-05-09 05:57:52;2020-05-08 21:18:32
18:39;True;False;True;False;2020-05-09 05:57:52;2020-05-08 21:18:32
18:40;True;False;True;False;2020-05-09 05:57:52;2020-05-08 21:18:32
18:41;True;False;True;False;2020-05-09 05:57:52;2020-05-08 21:18:32
18:42;True;False;True;False;2020-05-09 05:57:52;2020-05-08 21:18:32
18:43;True;False;True;False;2020-05-09 05:57:52;2020-05-08 21:18:32
18:44;True;False;True;False;2020-05-09 05:57:52;2020-05-08 21:18:32
18:45;True;False;True;False;2020-05-09 05:57:52;2020-05-08 21:18:32
18:46;True;False;True;False;2020-05-09 05:57:52;2020-05-08 21:18:32
18:47;True;False;True;False;2020-05-09 05:57:52;2020-05-08 21:18:32
18:48;True;False;True;False;2020-05-09 05:57:52;2020-05-08 21:18:32
18:49;True;False;True;False;2020-05-09 05:57:52;2020-05-08 21:18:32
18:50;True;False;True;False;2020-05-09 05:57:52;2020-05-08 21:18:32
18:51;True;False;True;False;2020-05-09 05:57:52;2020-05-08 21:18:32
18:52;True;False;True;False;2020-05-09 05:57:52;2020-05-08 21:18:32
18:53;True;False;True;False;2020-05-09 05:57:52;2020-05-08 21:18:32
18:54;True;False;True;False;2020-05-09 05:57:52;2020-05-08 21:18:32
18:55;True;False;True;False;2020-05-09 05:57:52;2020-05-08 21:18:32
18:56;True;False;True;False;2020-05-09 05:57:52;2020-05-08 21:18:32
18:57;True;False;True;False;2020-05-09 05:57:52;2020-05-08 21:18:32
18:58;True;False;True;False;2020-05-09 05:57:52;2020-05-08 21:18:32
18:59;True;False;True;False;2020-05-09 05:57:52;2020-05-08 21:18:32
19:0;True;False;True;False;2020-05-09 05:57:52;2020-05-08 21:18:32
19:1;True;False;True;False;2020-05-09 05:57:52;2020-05-08 21:18:32
19:2;True;False;True;False;2020-05-09 05:57:52;2020-05-08 21:18:32
19:3;True;False;True;False;2020-05-09 05:57:52;2020-05-08 21:18:32
19:4;True;False;True;False;2020-05-09 05:57:52;2020-05-08 21:18:32
19:5;True;False;True;False;2020-05-09 05:57:52;2020-05-08 21:18:32
19:6;True;False;True;False;2020-05-09 05:57:52;2020-05-08 21:18:32
19:7;True;False;True;False;2020-05-09 05:57:52;2020-05-08 21:18:32
19:8;True;False;True;False;2020-05-09 05:57:52;2020-05-08 21:18:32
19:9;True;False;True;False;2020-05-09 05:57:52;2020-05-08 21:18:32
19:10;True;False;True;False;2020-05-09 05:57:52;2020-05-08 21:18:32
19:11;True;False;True;False;2020-05-09 05:57:52;2020-05-08 21:18:32
19:12;True;False;True;False;2020-05-09 05:57:52;2020-05-08 21:18:32
19:13;True;False;True;False;2020-05-09 05:57:52;2020-05-08 21:18:32
19:14;True;False;True;False;2020-05-09 05:57:52;2020-05-08 21:18:32
19:15;True;False;True;False;2020-05-09 05:57:52;2020-05-08 21:18:32
19:16;True;False;True;False;2020-05-09 05:57:52;2020-05-08 21:18:32
19:17;True;False;True;False;2020-05-09 05:57:52;2020-05-08 21:18:32
19:18;True;False;True;False;2020-05-09 05:57:52;2020-05-08 21:18:32
19:19;True;False;True;False;2020-05-09 05:57:52;2020-05-08 21:18:32
19:20;True;False;True;False;2020-05-09 05:57:52;2020-05-08 21:18:32
19:21;True;False;True;False;2020-05-09 05:57:52;2020-05-08 21:18:32
19:22;True;False;True;False;2020-05-09 05:57:52;2020-05-08 21:18:32
19:23;True;False;True;False;2020-05-09 05:57:52;2020-05-08 21:18:32
19:24;True;False;True;False;2020-05-09 05:57:52;2020-05-08 21:18:32
19:25;True;False;True;False;2020-05-09 05:57:52;2020-05-08 21:18:32
19:26;True;False;True;False;2020-05-09 05:57:52;2020-05-08 21:18:32
19:27;True;False;True;False;2020-05-09 05:57:52;2020-05-08 21:18:32
19:28;True;False;True;False;2020-05-09 05:57:52;2020-05-08 21:18:32
19:29;True;False;True;False;2020-05-09 05:57:52;2020-05-08 21:18:32
19:30;True;False;True;False;2020-05-09 05:57:52;2020-05-08 21:18:32
19:31;True;False;True;False;2020-05-09 05:57:52;2020-05-08 21:18:32
19:32;True;False;True;False;2020-05-09 05:57:52;2020-05-08 21:18:32
19:33;True;False;True;False;2020-05-09 05:57:52;2020-05-08 21:18:32
19:34;True;False;True;False;2020-05-09 05:57:52;2020-05-08 21:18:32
19:35;True;False;True;False;2020-05-09 05:57:52;2020-05-08 21:18:32
19:36;True;False;True;False;2020-05-09 05:57:52;2020-05-08 21:18:32
19:37;True;False;True;False;2020-05-09 05:57:52;2020-05-08 21:18:32
19:38;True;False;True;False;2020-05-09 05:57:52;2020-05-08 21:18:32
19:39;True;False;True;False;2020-05-09 05:57:52;2020-05-08 21:18:32
19:40;True;False;True;False;2020-05-09 05:57:52;2020-05-08 21:18:32
19:41;True;False;True;False;2020-05-09 05:57:52;2020-05-08 21:18:32
19:42;True;False;True;False;2020-05-09 05:57:52;2020-05-08 21:18:32
19:43;True;False;True;False;2020-05-09 05:57:52;2020-05-08 21:18:32
19:44;True;False;True;False;2020-05-09 05:57:52;2020-05-08 21:18:32
19:45;True;False;True;False;2020-05-09 05:57:52;2020-05-08 21:18:32
19:46;True;False;True;False;2020-05-09 05:57:52;2020-05-08 21:18:32
19:47;True;False;True;False;2020-05-09 05:57:52;2020-05-08 21:18:32
19:48;True;False;True;False;2020-05-09 05:57:52;2020-05-08 21:18:32
19:49;True;False;True;False;2020-05-09 05:57:52;2020-05-08 21:18:32
19:50;True;False;True;False;2020-05-09 05:57:52;2020-05-08 21:18:32
19:51;True;False;True;False;2020-05-09 05:57:52;2020-05-08 21:18:32
19:52;True;False;True;False;2020-05-09 05:57:52;2020-05-08 21:18:32
19:53;True;False;True;False;2020-05-09 05:57:52;2020-05-08 21:18:32
19:54;True;False;True;False;2020-05-09 05:57:52;2020-05-08 21:18:32
19:55;True;False;True;False;2020-05-09 05:57:52;2020-05-08 21:18:32
19:56;True;False;True;False;2020-05-09 05:57:52;2020-05-08 21:18:32
19:57;True;False;True;False;2020-05-09 05:57:52;2020-05-08 21:18:32
19:58;True;False;True;False;2020-05-09 05:57:52;2020-05-08 21:18:32
19:59;True;False;True;False;2020-05-09 05:57:52;2020-05-08 21:18:32
20:0;True;False;True;False;2020-05-09 05:57:52;2020-05-08 21:18:32
20:1;True;False;True;False;2020-05-09 05:57:52;2020-05-08 21:18:32
20:2;True;False;True;False;2020-05-09 05:57:52;2020-05-08 21:18:32
20:3;True;False;True;False;2020-05-09 05:57:52;2020-05-08 21:18:32
20:4;True;False;True;False;2020-05-09 05:57:52;2020-05-08 21:18:32
20:5;True;False;True;False;2020-05-09 05:57:52;2020-05-08 21:18:32
20:6;True;False;True;False;2020-05-09 05:57:52;2020-05-08 21:18:32
20:7;True;False;True;False;2020-05-09 05:57:52;2020-05-08 21:18:32
20:8;True;False;True;False;2020-05-09 05:57:52;2020-05-08 21:18:32
20:9;True;False;True;False;2020-05-09 05:57:52;2020-05-08 21:18:32
20:10;True;False;True;False;2020-05-09 05:57:52;2020-05-08 21:18:32
20:11;True;False;True;False;2020-05-09 05:57:52;2020-05-08 21:18:32
20:12;True;False;True;False;2020-05-09 05:57:52;2020-05-08 21:18:32
20:13;True;False;True;False;2020-05-09 05:57:52;2020-05-08 21:18:32
20:14;True;False;True;False;2020-05-09 05:57:52;2020-05-08 21:18:32
20:15;True;False;True;False;2020-05-09 05:57:52;2020-05-08 21:18:32
20:16;True;False;True;False;2020-05-09 05:57:52;2020-05-08 21:18:32
20:17;True;False;True;False;2020-05-09 05:57:52;2020-05-08 21:18:32
20:18;True;False;True;False;2020-05-09 05:57:52;2020-05-08 21:18:32
20:19;True;False;True;False;2020-05-09 05:57:52;2020-05-08 21:18:32
20:20;True;False;True;False;2020-05-09 05:57:52;2020-05-08 21:18:32
20:21;True;False;True;False;2020-05-09 05:57:52;2020-05-08 21:18:32
20:22;True;False;True;False;2020-05-09 05:57:52;2020-05-08 21:18:32
20:23;True;False;True;False;2020-05-09 05:57:52;2020-05-08 21:18:32
20:24;True;False;True;False;2020-05-09 05:57:52;2020-05-08 21:18:32
20:25;True;False;True;False;2020-05-09 05:57:52;2020-05-08 21:18:32
20:26;True;False;True;False;2020-05-09 05:57:52;2020-05-08 21:18:32
20:27;True;False;True;False;2020-05-09 05:57:52;2020-05-08 21:18:32
20:28;True;False;True;False;2020-05-09 05:57:52;2020-05-08 21:18:32
20:29;True;False;True;False;2020-05-09 05:57:52;2020-05-08 21:18:32
20:30;True;False;True;False;2020-05-09 05:57:52;2020-05-08 21:18:32
20:30;True;False;True;False;2020-05-09 05:57:52;2020-05-08 21:18:32
20:31:32;True;False;True;False;2020-05-09 05:57:52;2020-05-08 21:18:32
20:32:32;True;False;True;False;2020-05-09 05:57:52;2020-05-08 21:18:32
20:33:32;True;False;True;False;2020-05-09 05:57:52;2020-05-08 21:18:32
20:34:32;True;False;True;False;2020-05-09 05:57:52;2020-05-08 21:18:32
20:35:32;True;False;True;False;2020-05-09 05:57:52;2020-05-08 21:18:32
20:36:32;True;False;True;False;2020-05-09 05:57:52;2020-05-08 21:18:32
20:37:32;True;False;True;False;2020-05-09 05:57:52;2020-05-08 21:18:32
20:38:32;True;False;True;False;2020-05-09 05:57:52;2020-05-08 21:18:32
20:39:32;True;False;True;False;2020-05-09 05:57:52;2020-05-08 21:18:32
20:40:32;True;False;True;False;2020-05-09 05:57:52;2020-05-08 21:18:32
20:41:32;True;False;True;False;2020-05-09 05:57:52;2020-05-08 21:18:32
20:42:32;True;False;True;False;2020-05-09 05:57:52;2020-05-08 21:18:32
20:43:32;True;False;True;False;2020-05-09 05:57:52;2020-05-08 21:18:32
20:44:32;True;False;True;False;2020-05-09 05:57:52;2020-05-08 21:18:32
20:45:32;True;False;True;False;2020-05-09 05:57:52;2020-05-08 21:18:32
20:46:32;True;False;True;False;2020-05-09 05:57:52;2020-05-08 21:18:32
20:47:32;True;False;True;False;2020-05-09 05:57:52;2020-05-08 21:18:32
20:48:32;True;False;True;False;2020-05-09 05:57:52;2020-05-08 21:18:32
20:49:32;True;False;True;False;2020-05-09 05:57:52;2020-05-08 21:18:32
20:50:32;True;False;True;False;2020-05-09 05:57:52;2020-05-08 21:18:32
20:51:32;True;False;True;False;2020-05-09 05:57:52;2020-05-08 21:18:32
20:52:32;True;False;True;False;2020-05-09 05:57:52;2020-05-08 21:18:32
20:53:32;True;False;True;False;2020-05-09 05:57:52;2020-05-08 21:18:32
20:54:32;True;False;True;False;2020-05-09 05:57:52;2020-05-08 21:18:32
20:55:32;True;False;True;False;2020-05-09 05:57:52;2020-05-08 21:18:32
20:56:32;True;False;True;False;2020-05-09 05:57:52;2020-05-08 21:18:32
20:57:32;True;False;True;False;2020-05-09 05:57:52;2020-05-08 21:18:32
20:58:32;True;False;True;False;2020-05-09 05:57:52;2020-05-08 21:18:32
20:59:32;True;False;True;False;2020-05-09 05:57:52;2020-05-08 21:18:32
21:00:32;True;False;True;False;2020-05-09 05:57:52;2020-05-08 21:18:32
21:01:32;True;False;True;False;2020-05-09 05:57:52;2020-05-08 21:18:32
21:02:32;True;False;True;False;2020-05-09 05:57:52;2020-05-08 21:18:32
21:03:32;True;False;True;False;2020-05-09 05:57:52;2020-05-08 21:18:32
21:04:32;True;False;True;False;2020-05-09 05:57:52;2020-05-08 21:18:32
21:05:32;True;False;True;False;2020-05-09 05:57:52;2020-05-08 21:18:32
21:06:32;True;False;True;False;2020-05-09 05:57:52;2020-05-08 21:18:32
21:07:32;True;False;True;False;2020-05-09 05:57:52;2020-05-08 21:18:32
21:08:32;True;False;True;False;2020-05-09 05:57:52;2020-05-08 21:18:32
21:09:32;True;False;True;False;2020-05-09 05:57:52;2020-05-08 21:18:32
21:10:32;True;False;True;False;2020-05-09 05:57:52;2020-05-08 21:18:32
21:11:32;True;False;True;False;2020-05-09 05:57:52;2020-05-08 21:18:32
21:12:32;True;False;True;False;2020-05-09 05:57:52;2020-05-08 21:18:32
21:13:32;True;False;True;False;2020-05-09 05:57:52;2020-05-08 21:18:32
21:14:32;True;False;True;False;2020-05-09 05:57:52;2020-05-08 21:18:32
21:15:32;True;False;True;False;2020-05-09 05:57:52;2020-05-08 21:18:32
21:16:32;True;False;True;False;2020-05-09 05:57:52;2020-05-08 21:18:32
21:17:32;True;False;True;False;2020-05-09 05:57:52;2020-05-08 21:18:32
21:18:32;False;True;False;True;2020-05-09 05:57:52;2020-05-09 21:20:10
21:19:32;False;True;False;True;2020-05-09 05:57:52;2020-05-09 21:20:10
21:20:32;False;True;False;True;2020-05-09 05:57:52;2020-05-09 21:20:10
21:21:32;False;True;False;True;2020-05-09 05:57:52;2020-05-09 21:20:10
21:22:32;False;True;False;True;2020-05-09 05:57:52;2020-05-09 21:20:10
21:23:32;False;True;False;True;2020-05-09 05:57:52;2020-05-09 21:20:10
21:24:32;False;True;False;True;2020-05-09 05:57:52;2020-05-09 21:20:10
21:25:32;False;True;False;True;2020-05-09 05:57:52;2020-05-09 21:20:10
21:26:32;False;True;False;True;2020-05-09 05:57:52;2020-05-09 21:20:10
21:27:32;False;True;False;True;2020-05-09 05:57:52;2020-05-09 21:20:10
21:28:32;False;True;False;True;2020-05-09 05:57:52;2020-05-09 21:20:10
21:29:32;False;True;False;True;2020-05-09 05:57:52;2020-05-09 21:20:10
21:30:32;False;True;False;True;2020-05-09 05:57:52;2020-05-09 21:20:10
21:31:32;False;True;False;True;2020-05-09 05:57:52;2020-05-09 21:20:10
21:32:32;False;True;False;True;2020-05-09 05:57:52;2020-05-09 21:20:10
21:33:32;False;True;False;True;2020-05-09 05:57:52;2020-05-09 21:20:10
21:34:32;False;True;False;True;2020-05-09 05:57:52;2020-05-09 21:20:10
21:35:32;False;True;False;True;2020-05-09 05:57:52;2020-05-09 21:20:10
21:36:32;False;True;False;True;2020-05-09 05:57:52;2020-05-09 21:20:10
21:37:32;False;True;False;True;2020-05-09 05:57:52;2020-05-09 21:20:10
21:38:32;False;True;False;True;2020-05-09 05:57:52;2020-05-09 21:20:10
21:39:32;False;True;False;True;2020-05-09 05:57:52;2020-05-09 21:20:10
21:40:32;False;True;False;True;2020-05-09 05:57:52;2020-05-09 21:20:10
21:41:32;False;True;False;True;2020-05-09 05:57:52;2020-05-09 21:20:10
21:42:32;False;True;False;True;2020-05-09 05:57:52;2020-05-09 21:20:10
21:43:32;False;True;False;True;2020-05-09 05:57:52;2020-05-09 21:20:10
21:44:32;False;True;False;True;2020-05-09 05:57:52;2020-05-09 21:20:10
21:45:32;False;True;False;True;2020-05-09 05:57:52;2020-05-09 21:20:10
21:46:32;False;True;False;True;2020-05-09 05:57:52;2020-05-09 21:20:10
21:47:32;False;True;False;True;2020-05-09 05:57:52;2020-05-09 21:20:10
21:48:32;False;True;False;True;2020-05-09 05:57:52;2020-05-09 21:20:10
21:49:32;False;True;False;True;2020-05-09 05:57:52;2020-05-09 21:20:10
21:50:32;False;True;False;True;2020-05-09 05:57:52;2020-05-09 21:20:10
21:51:32;False;True;False;True;2020-05-09 05:57:52;2020-05-09 21:20:10
21:52:32;False;True;False;True;2020-05-09 05:57:52;2020-05-09 21:20:10
21:53:32;False;True;False;True;2020-05-09 05:57:52;2020-05-09 21:20:10
21:54:32;False;True;False;True;2020-05-09 05:57:52;2020-05-09 21:20:10
21:55:32;False;True;False;True;2020-05-09 05:57:52;2020-05-09 21:20:10
21:56:32;False;True;False;True;2020-05-09 05:57:52;2020-05-09 21:20:10
21:57:32;False;True;False;True;2020-05-09 05:57:52;2020-05-09 21:20:10
21:58:32;False;True;False;True;2020-05-09 05:57:52;2020-05-09 21:20:10
21:59:32;False;True;False;True;2020-05-09 05:57:52;2020-05-09 21:20:10
22:00:32;False;True;False;True;2020-05-09 05:57:52;2020-05-09 21:20:10
22:01:32;False;True;False;True;2020-05-09 05:57:52;2020-05-09 21:20:10
22:02:32;False;True;False;True;2020-05-09 05:57:52;2020-05-09 21:20:10
22:03:32;False;True;False;True;2020-05-09 05:57:52;2020-05-09 21:20:10
22:04:32;False;True;False;True;2020-05-09 05:57:52;2020-05-09 21:20:10
22:05:32;False;True;False;True;2020-05-09 05:57:52;2020-05-09 21:20:10
22:06:32;False;True;False;True;2020-05-09 05:57:52;2020-05-09 21:20:10
22:07:32;False;True;False;True;2020-05-09 05:57:52;2020-05-09 21:20:10
22:08:32;False;True;False;True;2020-05-09 05:57:52;2020-05-09 21:20:10
22:09:32;False;True;False;True;2020-05-09 05:57:52;2020-05-09 21:20:10
22:10:32;False;True;False;True;2020-05-09 05:57:52;2020-05-09 21:20:10
22:11:32;False;True;False;True;2020-05-09 05:57:52;2020-05-09 21:20:10
22:12:32;False;True;False;True;2020-05-09 05:57:52;2020-05-09 21:20:10
22:13:32;False;True;False;True;2020-05-09 05:57:52;2020-05-09 21:20:10
22:14:32;False;True;False;True;2020-05-09 05:57:52;2020-05-09 21:20:10
22:15:32;False;True;False;True;2020-05-09 05:57:52;2020-05-09 21:20:10
22:16:32;False;True;False;True;2020-05-09 05:57:52;2020-05-09 21:20:10
22:17:32;False;True;False;True;2020-05-09 05:57:52;2020-05-09 21:20:10
22:18:32;False;True;False;True;2020-05-09 05:57:52;2020-05-09 21:20:10
22:19:32;False;True;False;True;2020-05-09 05:57:52;2020-05-09 21:20:10
22:20:32;False;True;False;True;2020-05-09 05:57:52;2020-05-09 21:20:10
22:21:32;False;True;False;True;2020-05-09 05:57:52;2020-05-09 21:20:10
22:22:32;False;True;False;True;2020-05-09 05:57:52;2020-05-09 21:20:10
22:23:32;False;True;False;True;2020-05-09 05:57:52;2020-05-09 21:20:10
22:24:32;False;True;False;True;2020-05-09 05:57:52;2020-05-09 21:20:10
22:25:32;False;True;False;True;2020-05-09 05:57:52;2020-05-09 21:20:10
22:26:32;False;True;False;True;2020-05-09 05:57:52;2020-05-09 21:20:10
22:27:32;False;True;False;True;2020-05-09 05:57:52;2020-05-09 21:20:10
22:28:32;False;True;False;True;2020-05-09 05:57:52;2020-05-09 21:20:10
22:29:32;False;True;False;True;2020-05-09 05:57:52;2020-05-09 21:20:10
22:30:32;False;True;False;True;2020-05-09 05:57:52;2020-05-09 21:20:10
22:31:32;False;True;False;True;2020-05-09 05:57:52;2020-05-09 21:20:10
22:32:32;False;True;False;True;2020-05-09 05:57:52;2020-05-09 21:20:10
22:33:32;False;True;False;True;2020-05-09 05:57:52;2020-05-09 21:20:10
22:34:32;False;True;False;True;2020-05-09 05:57:52;2020-05-09 21:20:10
22:35:32;False;True;False;True;2020-05-09 05:57:52;2020-05-09 21:20:10
22:36:32;False;True;False;True;2020-05-09 05:57:52;2020-05-09 21:20:10
22:37:32;False;True;False;True;2020-05-09 05:57:52;2020-05-09 21:20:10
22:38:32;False;True;False;True;2020-05-09 05:57:52;2020-05-09 21:20:10
22:39:32;False;True;False;True;2020-05-09 05:57:52;2020-05-09 21:20:10
22:40:32;False;True;False;True;2020-05-09 05:57:52;2020-05-09 21:20:10
22:41:32;False;True;False;True;2020-05-09 05:57:52;2020-05-09 21:20:10
22:42:32;False;True;False;True;2020-05-09 05:57:52;2020-05-09 21:20:10
22:43:32;False;True;False;True;2020-05-09 05:57:52;2020-05-09 21:20:10
22:44:32;False;True;False;True;2020-05-09 05:57:52;2020-05-09 21:20:10
22:45:32;False;True;False;True;2020-05-09 05:57:52;2020-05-09 21:20:10
22:46:32;False;True;False;True;2020-05-09 05:57:52;2020-05-09 21:20:10
22:47:32;False;True;False;True;2020-05-09 05:57:52;2020-05-09 21:20:10
22:48:32;False;True;False;True;2020-05-09 05:57:52;2020-05-09 21:20:10
22:49:32;False;True;False;True;2020-05-09 05:57:52;2020-05-09 21:20:10
22:50:32;False;True;False;True;2020-05-09 05:57:52;2020-05-09 21:20:10
22:51:32;False;True;False;True;2020-05-09 05:57:52;2020-05-09 21:20:10
22:52:32;False;True;False;True;2020-05-09 05:57:52;2020-05-09 21:20:10
22:53:32;False;True;False;True;2020-05-09 05:57:52;2020-05-09 21:20:10
22:54:32;False;True;False;True;2020-05-09 05:57:52;2020-05-09 21:20:10
22:55:32;False;True;False;True;2020-05-09 05:57:52;2020-05-09 21:20:10
22:56:32;False;True;False;True;2020-05-09 05:57:52;2020-05-09 21:20:10
22:57:32;False;True;False;True;2020-05-09 05:57:52;2020-05-09 21:20:10
22:58:32;False;True;False;True;2020-05-09 05:57:52;2020-05-09 21:20:10
22:59:32;False;True;False;True;2020-05-09 05:57:52;2020-05-09 21:20:10
23:00:32;False;True;False;True;2020-05-09 05:57:52;2020-05-09 21:20:10
23:01:32;False;True;False;True;2020-05-09 05:57:52;2020-05-09 21:20:10
23:02:32;False;True;False;True;2020-05-09 05:57:52;2020-05-09 21:20:10
23:03:32;False;True;False;True;2020-05-09 05:57:52;2020-05-09 21:20:10
23:04:32;False;True;False;True;2020-05-09 05:57:52;2020-05-09 21:20:10
23:05:32;False;True;False;True;2020-05-09 05:57:52;2020-05-09 21:20:10
23:06:32;False;True;False;True;2020-05-09 05:57:52;2020-05-09 21:20:10
23:07:32;False;True;False;True;2020-05-09 05:57:52;2020-05-09 21:20:10
23:08:32;False;True;False;True;2020-05-09 05:57:52;2020-05-09 21:20:10
23:09:32;False;True;False;True;2020-05-09 05:57:52;2020-05-09 21:20:10
23:10:32;False;True;False;True;2020-05-09 05:57:52;2020-05-09 21:20:10
23:11:32;False;True;False;True;2020-05-09 05:57:52;2020-05-09 21:20:10
23:12:32;False;True;False;True;2020-05-09 05:57:52;2020-05-09 21:20:10
23:13:32;False;True;False;True;2020-05-09 05:57:52;2020-05-09 21:20:10
23:14:32;False;True;False;True;2020-05-09 05:57:52;2020-05-09 21:20:10
23:15:32;False;True;False;True;2020-05-09 05:57:52;2020-05-09 21:20:10
23:16:32;False;True;False;True;2020-05-09 05:57:52;2020-05-09 21:20:10
23:17:32;False;True;False;True;2020-05-09 05:57:52;2020-05-09 21:20:10
23:18:32;False;True;False;True;2020-05-09 05:57:52;2020-05-09 21:20:10
23:19:32;False;True;False;True;2020-05-09 05:57:52;2020-05-09 21:20:10
23:20:32;False;True;False;True;2020-05-09 05:57:52;2020-05-09 21:20:10
23:21:32;False;True;False;True;2020-05-09 05:57:52;2020-05-09 21:20:10
23:22:32;False;True;False;True;2020-05-09 05:57:52;2020-05-09 21:20:10
23:23:32;False;True;False;True;2020-05-09 05:57:52;2020-05-09 21:20:10
23:24:32;False;True;False;True;2020-05-09 05:57:52;2020-05-09 21:20:10
23:25:32;False;True;False;True;2020-05-09 05:57:52;2020-05-09 21:20:10
23:26:32;False;True;False;True;2020-05-09 05:57:52;2020-05-09 21:20:10
23:27:32;False;True;False;True;2020-05-09 05:57:52;2020-05-09 21:20:10
23:28:32;False;True;False;True;2020-05-09 05:57:52;2020-05-09 21:20:10
23:29:32;False;True;False;True;2020-05-09 05:57:52;2020-05-09 21:20:10
23:30:32;False;True;False;True;2020-05-09 05:57:52;2020-05-09 21:20:10
23:31:32;False;True;False;True;2020-05-09 05:57:52;2020-05-09 21:20:10
23:32:32;False;True;False;True;2020-05-09 05:57:52;2020-05-09 21:20:10
23:33:32;False;True;False;True;2020-05-09 05:57:52;2020-05-09 21:20:10
23:34:32;False;True;False;True;2020-05-09 05:57:52;2020-05-09 21:20:10
23:35:32;False;True;False;True;2020-05-09 05:57:52;2020-05-09 21:20:10
23:36:32;False;True;False;True;2020-05-09 05:57:52;2020-05-09 21:20:10
23:37:32;False;True;False;True;2020-05-09 05:57:52;2020-05-09 21:20:10
23:38:32;False;True;False;True;2020-05-09 05:57:52;2020-05-09 21:20:10
23:39:32;False;True;False;True;2020-05-09 05:57:52;2020-05-09 21:20:10
23:40:32;False;True;False;True;2020-05-09 05:57:52;2020-05-09 21:20:10
23:41:32;False;True;False;True;2020-05-09 05:57:52;2020-05-09 21:20:10
23:42:32;False;True;False;True;2020-05-09 05:57:52;2020-05-09 21:20:10
23:43:32;False;True;False;True;2020-05-09 05:57:52;2020-05-09 21:20:10
23:44:32;False;True;False;True;2020-05-09 05:57:52;2020-05-09 21:20:10
23:45:32;False;True;False;True;2020-05-09 05:57:52;2020-05-09 21:20:10
23:46:32;False;True;False;True;2020-05-09 05:57:52;2020-05-09 21:20:10
23:47:32;False;True;False;True;2020-05-09 05:57:52;2020-05-09 21:20:10
23:48:32;False;True;False;True;2020-05-09 05:57:52;2020-05-09 21:20:10
23:49:32;False;True;False;True;2020-05-09 05:57:52;2020-05-09 21:20:10
23:50:32;False;True;False;True;2020-05-09 05:57:52;2020-05-09 21:20:10
23:51:32;False;True;False;True;2020-05-09 05:57:52;2020-05-09 21:20:10
23:52:32;False;True;False;True;2020-05-09 05:57:52;2020-05-09 21:20:10
23:53:32;False;True;False;True;2020-05-09 05:57:52;2020-05-09 21:20:10
23:54:32;False;True;False;True;2020-05-09 05:57:52;2020-05-09 21:20:10
23:55:32;False;True;False;True;2020-05-09 05:57:52;2020-05-09 21:20:10
23:56:32;False;True;False;True;2020-05-09 05:57:52;2020-05-09 21:20:10
23:57:32;False;True;False;True;2020-05-09 05:57:52;2020-05-09 21:20:10
23:58:32;False;True;False;True;2020-05-09 05:57:52;2020-05-09 21:20:10
23:59:32;False;True;False;True;2020-05-09 05:57:52;2020-05-09 21:20:10
00:00:32;False;True;False;True;2020-05-09 05:57:52;2020-05-09 21:20:10
00:01:32;False;True;False;True;2020-05-09 05:57:52;2020-05-09 21:20:10
00:02:32;False;True;False;True;2020-05-09 05:57:52;2020-05-09 21:20:10
00:03:32;False;True;False;True;2020-05-09 05:57:52;2020-05-09 21:20:10
00:04:32;False;True;False;True;2020-05-09 05:57:52;2020-05-09 21:20:10
00:05:32;False;True;False;True;2020-05-09 05:57:52;2020-05-09 21:20:10
00:06:32;False;True;False;True;2020-05-09 05:57:52;2020-05-09 21:20:10
00:07:32;False;True;False;True;2020-05-09 05:57:52;2020-05-09 21:20:10
00:08:32;False;True;False;True;2020-05-09 05:57:52;2020-05-09 21:20:10
00:09:32;False;True;False;True;2020-05-09 05:57:52;2020-05-09 21:20:10
00:10:32;False;True;False;True;2020-05-09 05:57:52;2020-05-09 21:20:10
00:11:32;False;True;False;True;2020-05-09 05:57:52;2020-05-09 21:20:10
00:12:32;False;True;False;True;2020-05-09 05:57:52;2020-05-09 21:20:10
00:13:32;False;True;False;True;2020-05-09 05:57:52;2020-05-09 21:20:10
00:14:32;False;True;False;True;2020-05-09 05:57:52;2020-05-09 21:20:10
00:15:32;False;True;False;True;2020-05-09 05:57:52;2020-05-09 21:20:10
00:16:32;False;True;False;True;2020-05-09 05:57:52;2020-05-09 21:20:10
00:17:32;False;True;False;True;2020-05-09 05:57:52;2020-05-09 21:20:10
00:18:32;False;True;False;True;2020-05-09 05:57:52;2020-05-09 21:20:10
00:19:32;False;True;False;True;2020-05-09 05:57:52;2020-05-09 21:20:10
00:20:32;False;True;False;True;2020-05-09 05:57:52;2020-05-09 21:20:10
00:21:32;False;True;False;True;2020-05-09 05:57:52;2020-05-09 21:20:10
00:22:32;False;True;False;True;2020-05-09 05:57:52;2020-05-09 21:20:10
00:23:32;False;True;False;True;2020-05-09 05:57:52;2020-05-09 21:20:10
00:24:32;False;True;False;True;2020-05-09 05:57:52;2020-05-09 21:20:10
00:25:32;False;True;False;True;2020-05-09 05:57:52;2020-05-09 21:20:10
00:26:32;False;True;False;True;2020-05-09 05:57:52;2020-05-09 21:20:10
00:27:32;False;True;False;True;2020-05-09 05:57:52;2020-05-09 21:20:10
00:28:32;False;True;False;True;2020-05-09 05:57:52;2020-05-09 21:20:10
00:29:32;False;True;False;True;2020-05-09 05:57:52;2020-05-09 21:20:10
00:30:32;False;True;False;True;2020-05-09 05:57:52;2020-05-09 21:20:10
00:31:32;False;True;False;True;2020-05-09 05:57:52;2020-05-09 21:20:10
00:32:32;False;True;False;True;2020-05-09 05:57:52;2020-05-09 21:20:10
00:33:32;False;True;False;True;2020-05-09 05:57:52;2020-05-09 21:20:10
00:34:32;False;True;False;True;2020-05-09 05:57:52;2020-05-09 21:20:10
00:35:32;False;True;False;True;2020-05-09 05:57:52;2020-05-09 21:20:10
00:36:32;False;True;False;True;2020-05-09 05:57:52;2020-05-09 21:20:10
00:37:32;False;True;False;True;2020-05-09 05:57:52;2020-05-09 21:20:10
00:38:32;False;True;False;True;2020-05-09 05:57:52;2020-05-09 21:20:10
00:39:32;False;True;False;True;2020-05-09 05:57:52;2020-05-09 21:20:10
00:40:32;False;True;False;True;2020-05-09 05:57:52;2020-05-09 21:20:10
00:41:32;False;True;False;True;2020-05-09 05:57:52;2020-05-09 21:20:10
00:42:32;False;True;False;True;2020-05-09 05:57:52;2020-05-09 21:20:10
00:43:32;False;True;False;True;2020-05-09 05:57:52;2020-05-09 21:20:10
00:44:32;False;True;False;True;2020-05-09 05:57:52;2020-05-09 21:20:10
00:45:32;False;True;False;True;2020-05-09 05:57:52;2020-05-09 21:20:10
00:46:32;False;True;False;True;2020-05-09 05:57:52;2020-05-09 21:20:10
00:47:32;False;True;False;True;2020-05-09 05:57:52;2020-05-09 21:20:10
00:48:32;False;True;False;True;2020-05-09 05:57:52;2020-05-09 21:20:10
00:49:32;False;True;False;True;2020-05-09 05:57:52;2020-05-09 21:20:10
00:50:32;False;True;False;True;2020-05-09 05:57:52;2020-05-09 21:20:10
00:51:32;False;True;False;True;2020-05-09 05:57:52;2020-05-09 21:20:10
00:52:32;False;True;False;True;2020-05-09 05:57:52;2020-05-09 21:20:10
00:53:32;False;True;False;True;2020-05-09 05:57:52;2020-05-09 21:20:10
00:54:32;False;True;False;True;2020-05-09 05:57:52;2020-05-09 21:20:10
00:55:32;False;True;False;True;2020-05-09 05:57:52;2020-05-09 21:20:10
00:56:32;False;True;False;True;2020-05-09 05:57:52;2020-05-09 21:20:10
00:57:32;False;True;False;True;2020-05-09 05:57:52;2020-05-09 21:20:10
00:58:32;False;True;False;True;2020-05-09 05:57:52;2020-05-09 21:20:10
00:59:32;False;True;False;True;2020-05-09 05:57:52;2020-05-09 21:20:10
01:00:32;False;True;False;True;2020-05-09 05:57:52;2020-05-09 21:20:10
01:01:32;False;True;False;True;2020-05-09 05:57:52;2020-05-09 21:20:10
01:02:32;False;True;False;True;2020-05-09 05:57:52;2020-05-09 21:20:10
01:03:32;False;True;False;True;2020-05-09 05:57:52;2020-05-09 21:20:10
01:04:32;False;True;False;True;2020-05-09 05:57:52;2020-05-09 21:20:10
01:05:32;False;True;False;True;2020-05-09 05:57:52;2020-05-09 21:20:10
01:06:32;False;True;False;True;2020-05-09 05:57:52;2020-05-09 21:20:10
01:07:32;False;True;False;True;2020-05-09 05:57:52;2020-05-09 21:20:10
01:08:32;False;True;False;True;2020-05-09 05:57:52;2020-05-09 21:20:10
01:09:32;False;True;False;True;2020-05-09 05:57:52;2020-05-09 21:20:10
01:10:32;False;True;False;True;2020-05-09 05:57:52;2020-05-09 21:20:10
01:11:32;False;True;False;True;2020-05-09 05:57:52;2020-05-09 21:20:10
01:12:32;False;True;False;True;2020-05-09 05:57:52;2020-05-09 21:20:10
01:13:32;False;True;False;True;2020-05-09 05:57:52;2020-05-09 21:20:10
01:14:32;False;True;False;True;2020-05-09 05:57:52;2020-05-09 21:20:10
01:15:32;False;True;False;True;2020-05-09 05:57:52;2020-05-09 21:20:10
01:16:32;False;True;False;True;2020-05-09 05:57:52;2020-05-09 21:20:10
01:17:32;False;True;False;True;2020-05-09 05:57:52;2020-05-09 21:20:10
01:18:32;False;True;False;True;2020-05-09 05:57:52;2020-05-09 21:20:10
01:19:32;False;True;False;True;2020-05-09 05:57:52;2020-05-09 21:20:10
01:20:32;False;True;False;True;2020-05-09 05:57:52;2020-05-09 21:20:10
01:21:32;False;True;False;True;2020-05-09 05:57:52;2020-05-09 21:20:10
01:22:32;False;True;False;True;2020-05-09 05:57:52;2020-05-09 21:20:10
01:23:32;False;True;False;True;2020-05-09 05:57:52;2020-05-09 21:20:10
01:24:32;False;True;False;True;2020-05-09 05:57:52;2020-05-09 21:20:10
01:25:32;False;True;False;True;2020-05-09 05:57:52;2020-05-09 21:20:10
01:26:32;False;True;False;True;2020-05-09 05:57:52;2020-05-09 21:20:10
01:27:32;False;True;False;True;2020-05-09 05:57:52;2020-05-09 21:20:10
01:28:32;False;True;False;True;2020-05-09 05:57:52;2020-05-09 21:20:10
01:29:32;False;True;False;True;2020-05-09 05:57:52;2020-05-09 21:20:10
01:30:32;False;True;False;True;2020-05-09 05:57:52;2020-05-09 21:20:10
01:31:32;False;True;False;True;2020-05-09 05:57:52;2020-05-09 21:20:10
01:32:32;False;True;False;True;2020-05-09 05:57:52;2020-05-09 21:20:10
01:33:32;False;True;False;True;2020-05-09 05:57:52;2020-05-09 21:20:10
01:34:32;False;True;False;True;2020-05-09 05:57:52;2020-05-09 21:20:10
01:35:32;False;True;False;True;2020-05-09 05:57:52;2020-05-09 21:20:10
01:36:32;False;True;False;True;2020-05-09 05:57:52;2020-05-09 21:20:10
01:37:32;False;True;False;True;2020-05-09 05:57:52;2020-05-09 21:20:10
01:38:32;False;True;False;True;2020-05-09 05:57:52;2020-05-09 21:20:10
01:39:32;False;True;False;True;2020-05-09 05:57:52;2020-05-09 21:20:10
01:40:32;False;True;False;True;2020-05-09 05:57:52;2020-05-09 21:20:10
01:41:32;False;True;False;True;2020-05-09 05:57:52;2020-05-09 21:20:10
01:42:32;False;True;False;True;2020-05-09 05:57:52;2020-05-09 21:20:10
01:43:32;False;True;False;True;2020-05-09 05:57:52;2020-05-09 21:20:10
01:44:32;False;True;False;True;2020-05-09 05:57:52;2020-05-09 21:20:10
01:45:32;False;True;False;True;2020-05-09 05:57:52;2020-05-09 21:20:10
01:46:32;False;True;False;True;2020-05-09 05:57:52;2020-05-09 21:20:10
01:47:32;False;True;False;True;2020-05-09 05:57:52;2020-05-09 21:20:10
01:48:32;False;True;False;True;2020-05-09 05:57:52;2020-05-09 21:20:10
01:49:32;False;True;False;True;2020-05-09 05:57:52;2020-05-09 21:20:10
01:50:32;False;True;False;True;2020-05-09 05:57:52;2020-05-09 21:20:10
01:51:32;False;True;False;True;2020-05-09 05:57:52;2020-05-09 21:20:10
01:52:32;False;True;False;True;2020-05-09 05:57:52;2020-05-09 21:20:10
01:53:32;False;True;False;True;2020-05-09 05:57:52;2020-05-09 21:20:10
01:54:32;False;True;False;True;2020-05-09 05:57:52;2020-05-09 21:20:10
01:55:32;False;True;False;True;2020-05-09 05:57:52;2020-05-09 21:20:10
01:56:32;False;True;False;True;2020-05-09 05:57:52;2020-05-09 21:20:10
01:57:32;False;True;False;True;2020-05-09 05:57:52;2020-05-09 21:20:10
01:58:32;False;True;False;True;2020-05-09 05:57:52;2020-05-09 21:20:10
01:59:32;False;True;False;True;2020-05-09 05:57:52;2020-05-09 21:20:10
02:00:32;False;True;False;True;2020-05-09 05:57:52;2020-05-09 21:20:10
02:01:32;False;True;False;True;2020-05-09 05:57:52;2020-05-09 21:20:10
02:02:32;False;True;False;True;2020-05-09 05:57:52;2020-05-09 21:20:10
02:03:32;False;True;False;True;2020-05-09 05:57:52;2020-05-09 21:20:10
02:04:32;False;True;False;True;2020-05-09 05:57:52;2020-05-09 21:20:10
02:05:32;False;True;False;True;2020-05-09 05:57:52;2020-05-09 21:20:10
02:06:32;False;True;False;True;2020-05-09 05:57:52;2020-05-09 21:20:10
02:07:32;False;True;False;True;2020-05-09 05:57:52;2020-05-09 21:20:10
02:08:32;False;True;False;True;2020-05-09 05:57:52;2020-05-09 21:20:10
02:09:32;False;True;False;True;2020-05-09 05:57:52;2020-05-09 21:20:10
02:10:32;False;True;False;True;2020-05-09 05:57:52;2020-05-09 21:20:10
02:11:32;False;True;False;True;2020-05-09 05:57:52;2020-05-09 21:20:10
02:12:32;False;True;False;True;2020-05-09 05:57:52;2020-05-09 21:20:10
02:13:32;False;True;False;True;2020-05-09 05:57:52;2020-05-09 21:20:10
02:14:32;False;True;False;True;2020-05-09 05:57:52;2020-05-09 21:20:10
02:15:32;False;True;False;True;2020-05-09 05:57:52;2020-05-09 21:20:10
02:16:32;False;True;False;True;2020-05-09 05:57:52;2020-05-09 21:20:10
02:17:32;False;True;False;True;2020-05-09 05:57:52;2020-05-09 21:20:10
02:18:32;False;True;False;True;2020-05-09 05:57:52;2020-05-09 21:20:10
02:19:32;False;True;False;True;2020-05-09 05:57:52;2020-05-09 21:20:10
02:20:32;False;True;False;True;2020-05-09 05:57:52;2020-05-09 21:20:10
02:21:32;False;True;False;True;2020-05-09 05:57:52;2020-05-09 21:20:10
02:22:32;False;True;False;True;2020-05-09 05:57:52;2020-05-09 21:20:10
02:23:32;False;True;False;True;2020-05-09 05:57:52;2020-05-09 21:20:10
02:24:32;False;True;False;True;2020-05-09 05:57:52;2020-05-09 21:20:10
02:25:32;False;True;False;True;2020-05-09 05:57:52;2020-05-09 21:20:10
02:26:32;False;True;False;True;2020-05-09 05:57:52;2020-05-09 21:20:10
02:27:32;False;True;False;True;2020-05-09 05:57:52;2020-05-09 21:20:10
02:28:32;False;True;False;True;2020-05-09 05:57:52;2020-05-09 21:20:10
02:29:32;False;True;False;True;2020-05-09 05:57:52;2020-05-09 21:20:10
02:30:32;False;True;False;True;2020-05-09 05:57:52;2020-05-09 21:20:10
02:31:32;False;True;False;True;2020-05-09 05:57:52;2020-05-09 21:20:10
02:32:32;False;True;False;True;2020-05-09 05:57:52;2020-05-09 21:20:10
02:33:32;False;True;False;True;2020-05-09 05:57:52;2020-05-09 21:20:10
02:34:32;False;True;False;True;2020-05-09 05:57:52;2020-05-09 21:20:10
02:35:32;False;True;False;True;2020-05-09 05:57:52;2020-05-09 21:20:10
02:36:32;False;True;False;True;2020-05-09 05:57:52;2020-05-09 21:20:10
02:37:32;False;True;False;True;2020-05-09 05:57:52;2020-05-09 21:20:10
02:38:32;False;True;False;True;2020-05-09 05:57:52;2020-05-09 21:20:10
02:39:32;False;True;False;True;2020-05-09 05:57:52;2020-05-09 21:20:10
02:40:32;False;True;False;True;2020-05-09 05:57:52;2020-05-09 21:20:10
02:41:32;False;True;False;True;2020-05-09 05:57:52;2020-05-09 21:20:10
02:42:32;False;True;False;True;2020-05-09 05:57:52;2020-05-09 21:20:10
02:43:32;False;True;False;True;2020-05-09 05:57:52;2020-05-09 21:20:10
02:44:32;False;True;False;True;2020-05-09 05:57:52;2020-05-09 21:20:10
02:45:32;False;True;False;True;2020-05-09 05:57:52;2020-05-09 21:20:10
02:46:32;False;True;False;True;2020-05-09 05:57:52;2020-05-09 21:20:10
02:47:32;False;True;False;True;2020-05-09 05:57:52;2020-05-09 21:20:10
02:48:32;False;True;False;True;2020-05-09 05:57:52;2020-05-09 21:20:10
02:49:32;False;True;False;True;2020-05-09 05:57:52;2020-05-09 21:20:10
02:50:32;False;True;False;True;2020-05-09 05:57:52;2020-05-09 21:20:10
02:51:32;False;True;False;True;2020-05-09 05:57:52;2020-05-09 21:20:10
02:52:32;False;True;False;True;2020-05-09 05:57:52;2020-05-09 21:20:10
02:53:32;False;True;False;True;2020-05-09 05:57:52;2020-05-09 21:20:10
02:54:32;False;True;False;True;2020-05-09 05:57:52;2020-05-09 21:20:10
02:55:32;False;True;False;True;2020-05-09 05:57:52;2020-05-09 21:20:10
02:56:32;False;True;False;True;2020-05-09 05:57:52;2020-05-09 21:20:10
02:57:32;False;True;False;True;2020-05-09 05:57:52;2020-05-09 21:20:10
02:58:32;False;True;False;True;2020-05-09 05:57:52;2020-05-09 21:20:10
02:59:32;False;True;False;True;2020-05-09 05:57:52;2020-05-09 21:20:10
03:00:32;False;True;False;True;2020-05-09 05:57:52;2020-05-09 21:20:10
03:01:32;False;True;False;True;2020-05-09 05:57:52;2020-05-09 21:20:10
03:02:32;False;True;False;True;2020-05-09 05:57:52;2020-05-09 21:20:10
03:03:32;False;True;False;True;2020-05-09 05:57:52;2020-05-09 21:20:10
03:04:32;False;True;False;True;2020-05-09 05:57:52;2020-05-09 21:20:10
03:05:32;False;True;False;True;2020-05-09 05:57:52;2020-05-09 21:20:10
03:06:32;False;True;False;True;2020-05-09 05:57:52;2020-05-09 21:20:10
03:07:32;False;True;False;True;2020-05-09 05:57:52;2020-05-09 21:20:10
03:08:32;False;True;False;True;2020-05-09 05:57:52;2020-05-09 21:20:10
03:09:32;False;True;False;True;2020-05-09 05:57:52;2020-05-09 21:20:10
03:10:32;False;True;False;True;2020-05-09 05:57:52;2020-05-09 21:20:10
03:11:32;False;True;False;True;2020-05-09 05:57:52;2020-05-09 21:20:10
03:12:32;False;True;False;True;2020-05-09 05:57:52;2020-05-09 21:20:10
03:13:32;False;True;False;True;2020-05-09 05:57:52;2020-05-09 21:20:10
03:14:32;False;True;False;True;2020-05-09 05:57:52;2020-05-09 21:20:10
03:15:32;False;True;False;True;2020-05-09 05:57:52;2020-05-09 21:20:10
03:16:32;False;True;False;True;2020-05-09 05:57:52;2020-05-09 21:20:10
03:17:32;False;True;False;True;2020-05-09 05:57:52;2020-05-09 21:20:10
03:18:32;False;True;False;True;2020-05-09 05:57:52;2020-05-09 21:20:10
03:19:32;False;True;False;True;2020-05-09 05:57:52;2020-05-09 21:20:10
03:20:32;False;True;False;True;2020-05-09 05:57:52;2020-05-09 21:20:10
03:21:32;False;True;False;True;2020-05-09 05:57:52;2020-05-09 21:20:10
03:22:32;False;True;False;True;2020-05-09 05:57:52;2020-05-09 21:20:10
03:23:32;False;True;False;True;2020-05-09 05:57:52;2020-05-09 21:20:10
03:24:32;False;True;False;True;2020-05-09 05:57:52;2020-05-09 21:20:10
03:25:32;False;True;False;True;2020-05-09 05:57:52;2020-05-09 21:20:10
03:26:32;False;True;False;True;2020-05-09 05:57:52;2020-05-09 21:20:10
03:27:32;False;True;False;True;2020-05-09 05:57:52;2020-05-09 21:20:10
03:28:32;False;True;False;True;2020-05-09 05:57:52;2020-05-09 21:20:10
03:29:32;False;True;False;True;2020-05-09 05:57:52;2020-05-09 21:20:10
03:30:32;False;True;False;True;2020-05-09 05:57:52;2020-05-09 21:20:10
03:31:32;False;True;False;True;2020-05-09 05:57:52;2020-05-09 21:20:10
03:32:32;False;True;False;True;2020-05-09 05:57:52;2020-05-09 21:20:10
03:33:32;False;True;False;True;2020-05-09 05:57:52;2020-05-09 21:20:10
03:34:32;False;True;False;True;2020-05-09 05:57:52;2020-05-09 21:20:10
03:35:32;False;True;False;True;2020-05-09 05:57:52;2020-05-09 21:20:10
03:36:32;False;True;False;True;2020-05-09 05:57:52;2020-05-09 21:20:10
03:37:32;False;True;False;True;2020-05-09 05:57:52;2020-05-09 21:20:10
03:38:32;False;True;False;True;2020-05-09 05:57:52;2020-05-09 21:20:10
03:39:32;False;True;False;True;2020-05-09 05:57:52;2020-05-09 21:20:10
03:40:32;False;True;False;True;2020-05-09 05:57:52;2020-05-09 21:20:10
03:41:32;False;True;False;True;2020-05-09 05:57:52;2020-05-09 21:20:10
03:42:32;False;True;False;True;2020-05-09 05:57:52;2020-05-09 21:20:10
03:43:32;False;True;False;True;2020-05-09 05:57:52;2020-05-09 21:20:10
03:44:32;False;True;False;True;2020-05-09 05:57:52;2020-05-09 21:20:10
03:45:32;False;True;False;True;2020-05-09 05:57:52;2020-05-09 21:20:10
03:46:32;False;True;False;True;2020-05-09 05:57:52;2020-05-09 21:20:10
03:47:32;False;True;False;True;2020-05-09 05:57:52;2020-05-09 21:20:10
03:48:32;False;True;False;True;2020-05-09 05:57:52;2020-05-09 21:20:10
03:49:32;False;True;False;True;2020-05-09 05:57:52;2020-05-09 21:20:10
03:50:32;False;True;False;True;2020-05-09 05:57:52;2020-05-09 21:20:10
03:51:32;False;True;False;True;2020-05-09 05:57:52;2020-05-09 21:20:10
03:52:32;False;True;False;True;2020-05-09 05:57:52;2020-05-09 21:20:10
03:53:32;False;True;False;True;2020-05-09 05:57:52;2020-05-09 21:20:10
03:54:32;False;True;False;True;2020-05-09 05:57:52;2020-05-09 21:20:10
03:55:32;False;True;False;True;2020-05-09 05:57:52;2020-05-09 21:20:10
03:56:32;False;True;False;True;2020-05-09 05:57:52;2020-05-09 21:20:10
03:57:32;False;True;False;True;2020-05-09 05:57:52;2020-05-09 21:20:10
03:58:32;False;True;False;True;2020-05-09 05:57:52;2020-05-09 21:20:10
03:59:32;False;True;False;True;2020-05-09 05:57:52;2020-05-09 21:20:10
04:00:32;False;True;False;True;2020-05-09 05:57:52;2020-05-09 21:20:10
04:01:32;False;True;False;True;2020-05-09 05:57:52;2020-05-09 21:20:10
04:02:32;False;True;False;True;2020-05-09 05:57:52;2020-05-09 21:20:10
04:03:32;False;True;False;True;2020-05-09 05:57:52;2020-05-09 21:20:10
04:04:32;False;True;False;True;2020-05-09 05:57:52;2020-05-09 21:20:10
04:05:32;False;True;False;True;2020-05-09 05:57:52;2020-05-09 21:20:10
04:06:32;False;True;False;True;2020-05-09 05:57:52;2020-05-09 21:20:10
04:07:32;False;True;False;True;2020-05-09 05:57:52;2020-05-09 21:20:10
04:08:32;False;True;False;True;2020-05-09 05:57:52;2020-05-09 21:20:10
04:09:32;False;True;False;True;2020-05-09 05:57:52;2020-05-09 21:20:10
04:10:32;False;True;False;True;2020-05-09 05:57:52;2020-05-09 21:20:10
04:11:32;False;True;False;True;2020-05-09 05:57:52;2020-05-09 21:20:10
04:12:32;False;True;False;True;2020-05-09 05:57:52;2020-05-09 21:20:10
04:13:32;False;True;False;True;2020-05-09 05:57:52;2020-05-09 21:20:10
04:14:32;False;True;False;True;2020-05-09 05:57:52;2020-05-09 21:20:10
04:15:32;False;True;False;True;2020-05-09 05:57:52;2020-05-09 21:20:10
04:16:32;False;True;False;True;2020-05-09 05:57:52;2020-05-09 21:20:10
04:17:32;False;True;False;True;2020-05-09 05:57:52;2020-05-09 21:20:10
04:18:32;False;True;False;True;2020-05-09 05:57:52;2020-05-09 21:20:10
04:19:32;False;True;False;True;2020-05-09 05:57:52;2020-05-09 21:20:10
04:20:32;False;True;False;True;2020-05-09 05:57:52;2020-05-09 21:20:10
04:21:32;False;True;False;True;2020-05-09 05:57:52;2020-05-09 21:20:10
04:22:32;False;True;False;True;2020-05-09 05:57:52;2020-05-09 21:20:10
04:23:32;False;True;False;True;2020-05-09 05:57:52;2020-05-09 21:20:10
04:24:32;False;True;False;True;2020-05-09 05:57:52;2020-05-09 21:20:10
04:25:32;False;True;False;True;2020-05-09 05:57:52;2020-05-09 21:20:10
04:26:32;False;True;False;True;2020-05-09 05:57:52;2020-05-09 21:20:10
04:27:32;False;True;False;True;2020-05-09 05:57:52;2020-05-09 21:20:10
04:28:32;False;True;False;True;2020-05-09 05:57:52;2020-05-09 21:20:10
04:29:32;False;True;False;True;2020-05-09 05:57:52;2020-05-09 21:20:10
04:30:32;False;True;False;True;2020-05-09 05:57:52;2020-05-09 21:20:10
04:31:32;False;True;False;True;2020-05-09 05:57:52;2020-05-09 21:20:10
04:32:32;False;True;False;True;2020-05-09 05:57:52;2020-05-09 21:20:10
04:33:32;False;True;False;True;2020-05-09 05:57:52;2020-05-09 21:20:10
04:34:32;False;True;False;True;2020-05-09 05:57:52;2020-05-09 21:20:10
04:35:32;False;True;False;True;2020-05-09 05:57:52;2020-05-09 21:20:10
04:36:32;False;True;False;True;2020-05-09 05:57:52;2020-05-09 21:20:10
04:37:32;False;True;False;True;2020-05-09 05:57:52;2020-05-09 21:20:10
04:38:32;False;True;False;True;2020-05-09 05:57:52;2020-05-09 21:20:10
04:39:32;False;True;False;True;2020-05-09 05:57:52;2020-05-09 21:20:10
04:40:32;False;True;False;True;2020-05-09 05:57:52;2020-05-09 21:20:10
04:41:32;False;True;False;True;2020-05-09 05:57:52;2020-05-09 21:20:10
04:42:32;False;True;False;True;2020-05-09 05:57:52;2020-05-09 21:20:10
04:43:32;False;True;False;True;2020-05-09 05:57:52;2020-05-09 21:20:10
04:44:32;False;True;False;True;2020-05-09 05:57:52;2020-05-09 21:20:10
04:45:32;False;True;False;True;2020-05-09 05:57:52;2020-05-09 21:20:10
04:46:32;False;True;False;True;2020-05-09 05:57:52;2020-05-09 21:20:10
04:47:32;False;True;False;True;2020-05-09 05:57:52;2020-05-09 21:20:10
04:48:32;False;True;False;True;2020-05-09 05:57:52;2020-05-09 21:20:10
04:49:32;False;True;False;True;2020-05-09 05:57:52;2020-05-09 21:20:10
04:50:32;False;True;False;True;2020-05-09 05:57:52;2020-05-09 21:20:10
04:51:32;False;True;False;True;2020-05-09 05:57:52;2020-05-09 21:20:10
04:52:32;False;True;False;True;2020-05-09 05:57:52;2020-05-09 21:20:10
04:53:32;False;True;False;True;2020-05-09 05:57:52;2020-05-09 21:20:10
04:54:32;False;True;False;True;2020-05-09 05:57:52;2020-05-09 21:20:10
04:55:32;False;True;False;True;2020-05-09 05:57:52;2020-05-09 21:20:10
04:56:32;False;True;False;True;2020-05-09 05:57:52;2020-05-09 21:20:10
04:57:32;False;True;False;True;2020-05-09 05:57:52;2020-05-09 21:20:10
04:58:32;False;True;False;True;2020-05-09 05:57:52;2020-05-09 21:20:10
04:59:32;False;True;False;True;2020-05-09 05:57:52;2020-05-09 21:20:10
05:00:32;False;True;False;True;2020-05-09 05:57:52;2020-05-09 21:20:10
05:01:32;False;True;False;True;2020-05-09 05:57:52;2020-05-09 21:20:10
05:02:32;False;True;False;True;2020-05-09 05:57:52;2020-05-09 21:20:10
05:03:32;False;True;False;True;2020-05-09 05:57:52;2020-05-09 21:20:10
05:04:32;False;True;False;True;2020-05-09 05:57:52;2020-05-09 21:20:10
05:05:32;False;True;False;True;2020-05-09 05:57:52;2020-05-09 21:20:10
05:06:32;False;True;False;True;2020-05-09 05:57:52;2020-05-09 21:20:10
05:07:32;False;True;False;True;2020-05-09 05:57:52;2020-05-09 21:20:10
05:08:32;False;True;False;True;2020-05-09 05:57:52;2020-05-09 21:20:10
05:09:32;False;True;False;True;2020-05-09 05:57:52;2020-05-09 21:20:10
05:10:32;False;True;False;True;2020-05-09 05:57:52;2020-05-09 21:20:10
05:11:32;False;True;False;True;2020-05-09 05:57:52;2020-05-09 21:20:10
05:12:32;False;True;False;True;2020-05-09 05:57:52;2020-05-09 21:20:10
05:13:32;False;True;False;True;2020-05-09 05:57:52;2020-05-09 21:20:10
05:14:32;False;True;False;True;2020-05-09 05:57:52;2020-05-09 21:20:10
05:15:32;False;True;False;True;2020-05-09 05:57:52;2020-05-09 21:20:10
05:16:32;False;True;False;True;2020-05-09 05:57:52;2020-05-09 21:20:10
05:17:32;False;True;False;True;2020-05-09 05:57:52;2020-05-09 21:20:10
05:18:32;False;True;False;True;2020-05-09 05:57:52;2020-05-09 21:20:10
05:19:32;False;True;False;True;2020-05-09 05:57:52;2020-05-09 21:20:10
05:20:32;False;True;False;True;2020-05-09 05:57:52;2020-05-09 21:20:10
05:21:32;False;True;False;True;2020-05-09 05:57:52;2020-05-09 21:20:10
05:22:32;False;True;False;True;2020-05-09 05:57:52;2020-05-09 21:20:10
05:23:32;False;True;False;True;2020-05-09 05:57:52;2020-05-09 21:20:10
05:24:32;False;True;False;True;2020-05-09 05:57:52;2020-05-09 21:20:10
05:25:32;False;True;False;True;2020-05-09 05:57:52;2020-05-09 21:20:10
05:26:32;False;True;False;True;2020-05-09 05:57:52;2020-05-09 21:20:10
05:27:32;False;True;False;True;2020-05-09 05:57:52;2020-05-09 21:20:10
05:28:32;False;True;False;True;2020-05-09 05:57:52;2020-05-09 21:20:10
05:29:32;False;True;False;True;2020-05-09 05:57:52;2020-05-09 21:20:10
05:30:32;False;True;False;True;2020-05-09 05:57:52;2020-05-09 21:20:10
05:31:32;False;True;False;True;2020-05-09 05:57:52;2020-05-09 21:20:10
05:32:32;False;True;False;True;2020-05-09 05:57:52;2020-05-09 21:20:10
05:33:32;False;True;False;True;2020-05-09 05:57:52;2020-05-09 21:20:10
05:34:32;False;True;False;True;2020-05-09 05:57:52;2020-05-09 21:20:10
05:35:32;False;True;False;True;2020-05-09 05:57:52;2020-05-09 21:20:10
05:36:32;False;True;False;True;2020-05-09 05:57:52;2020-05-09 21:20:10
05:37:32;False;True;False;True;2020-05-09 05:57:52;2020-05-09 21:20:10
05:38:32;False;True;False;True;2020-05-09 05:57:52;2020-05-09 21:20:10
05:39:32;False;True;False;True;2020-05-09 05:57:52;2020-05-09 21:20:10
05:40:32;False;True;False;True;2020-05-09 05:57:52;2020-05-09 21:20:10
05:41:32;False;True;False;True;2020-05-09 05:57:52;2020-05-09 21:20:10
05:42:32;False;True;False;True;2020-05-09 05:57:52;2020-05-09 21:20:10
05:43:32;False;True;False;True;2020-05-09 05:57:52;2020-05-09 21:20:10
05:44:32;False;True;False;True;2020-05-09 05:57:52;2020-05-09 21:20:10
05:45:32;False;True;False;True;2020-05-09 05:57:52;2020-05-09 21:20:10
05:46:32;False;True;False;True;2020-05-09 05:57:52;2020-05-09 21:20:10
05:47:32;False;True;False;True;2020-05-09 05:57:52;2020-05-09 21:20:10
05:48:32;False;True;False;True;2020-05-09 05:57:52;2020-05-09 21:20:10
05:49:32;False;True;False;True;2020-05-09 05:57:52;2020-05-09 21:20:10
05:50:32;False;True;False;True;2020-05-09 05:57:52;2020-05-09 21:20:10
05:51:32;False;True;False;True;2020-05-09 05:57:52;2020-05-09 21:20:10
05:52:32;False;True;False;True;2020-05-09 05:57:52;2020-05-09 21:20:10
05:53:32;False;True;False;True;2020-05-09 05:57:52;2020-05-09 21:20:10
05:54:32;False;True;False;True;2020-05-09 05:57:52;2020-05-09 21:20:10
05:55:32;False;True;False;True;2020-05-09 05:57:52;2020-05-09 21:20:10
05:56:32;False;True;False;True;2020-05-09 05:57:52;2020-05-09 21:20:10
05:57:32;False;True;False;True;2020-05-09 05:57:52;2020-05-09 21:20:10
05:58:32;True;False;True;False;2020-05-10 05:56:11;2020-05-09 21:20:10
05:59:32;True;False;True;False;2020-05-10 05:56:11;2020-05-09 21:20:10
06:00:32;True;False;True;False;2020-05-10 05:56:11;2020-05-09 21:20:10
06:01:32;True;False;True;False;2020-05-10 05:56:11;2020-05-09 21:20:10
06:02:32;True;False;True;False;2020-05-10 05:56:11;2020-05-09 21:20:10
06:03:32;True;False;True;False;2020-05-10 05:56:11;2020-05-09 21:20:10
06:04:32;True;False;True;False;2020-05-10 05:56:11;2020-05-09 21:20:10
06:05:32;True;False;True;False;2020-05-10 05:56:11;2020-05-09 21:20:10
06:06:32;True;False;True;False;2020-05-10 05:56:11;2020-05-09 21:20:10
06:07:32;True;False;True;False;2020-05-10 05:56:11;2020-05-09 21:20:10
06:08:32;True;False;True;False;2020-05-10 05:56:11;2020-05-09 21:20:10
06:09:32;True;False;True;False;2020-05-10 05:56:11;2020-05-09 21:20:10
06:10:32;True;False;True;False;2020-05-10 05:56:11;2020-05-09 21:20:10
06:11:32;True;False;True;False;2020-05-10 05:56:11;2020-05-09 21:20:10
06:12:32;True;False;True;False;2020-05-10 05:56:11;2020-05-09 21:20:10
06:13:32;True;False;True;False;2020-05-10 05:56:11;2020-05-09 21:20:10
06:14:32;True;False;True;False;2020-05-10 05:56:11;2020-05-09 21:20:10
06:15:32;True;False;True;False;2020-05-10 05:56:11;2020-05-09 21:20:10
06:16:32;True;False;True;False;2020-05-10 05:56:11;2020-05-09 21:20:10
06:17:32;True;False;True;False;2020-05-10 05:56:11;2020-05-09 21:20:10
06:18:32;True;False;True;False;2020-05-10 05:56:11;2020-05-09 21:20:10
06:19:32;True;False;True;False;2020-05-10 05:56:11;2020-05-09 21:20:10
06:20:32;True;False;True;False;2020-05-10 05:56:11;2020-05-09 21:20:10
06:21:32;True;False;True;False;2020-05-10 05:56:11;2020-05-09 21:20:10
06:22:32;True;False;True;False;2020-05-10 05:56:11;2020-05-09 21:20:10
06:23:32;True;False;True;False;2020-05-10 05:56:11;2020-05-09 21:20:10
06:24:32;True;False;True;False;2020-05-10 05:56:11;2020-05-09 21:20:10
06:25:32;True;False;True;False;2020-05-10 05:56:11;2020-05-09 21:20:10
06:26:32;True;False;True;False;2020-05-10 05:56:11;2020-05-09 21:20:10
06:27:32;True;False;True;False;2020-05-10 05:56:11;2020-05-09 21:20:10
06:28:32;True;False;True;False;2020-05-10 05:56:11;2020-05-09 21:20:10
06:29:32;True;False;True;False;2020-05-10 05:56:11;2020-05-09 21:20:10
06:30:32;True;False;True;False;2020-05-10 05:56:11;2020-05-09 21:20:10
06:31:32;True;False;True;False;2020-05-10 05:56:11;2020-05-09 21:20:10
06:32:32;True;False;True;False;2020-05-10 05:56:11;2020-05-09 21:20:10
06:33:32;True;False;True;False;2020-05-10 05:56:11;2020-05-09 21:20:10
06:34:32;True;False;True;False;2020-05-10 05:56:11;2020-05-09 21:20:10
06:35:32;True;False;True;False;2020-05-10 05:56:11;2020-05-09 21:20:10
06:36:32;True;False;True;False;2020-05-10 05:56:11;2020-05-09 21:20:10
06:37:32;True;False;True;False;2020-05-10 05:56:11;2020-05-09 21:20:10
06:38:32;True;False;True;False;2020-05-10 05:56:11;2020-05-09 21:20:10
06:39:32;True;False;True;False;2020-05-10 05:56:11;2020-05-09 21:20:10
06:40:32;True;False;True;False;2020-05-10 05:56:11;2020-05-09 21:20:10
06:41:32;True;False;True;False;2020-05-10 05:56:11;2020-05-09 21:20:10
06:42:32;True;False;True;False;2020-05-10 05:56:11;2020-05-09 21:20:10
06:43:32;True;False;True;False;2020-05-10 05:56:11;2020-05-09 21:20:10
06:44:32;True;False;True;False;2020-05-10 05:56:11;2020-05-09 21:20:10
06:45:32;True;False;True;False;2020-05-10 05:56:11;2020-05-09 21:20:10
06:46:32;True;False;True;False;2020-05-10 05:56:11;2020-05-09 21:20:10
06:47:32;True;False;True;False;2020-05-10 05:56:11;2020-05-09 21:20:10
06:48:32;True;False;True;False;2020-05-10 05:56:11;2020-05-09 21:20:10
06:49:32;True;False;True;False;2020-05-10 05:56:11;2020-05-09 21:20:10
06:50:32;True;False;True;False;2020-05-10 05:56:11;2020-05-09 21:20:10
06:51:32;True;False;True;False;2020-05-10 05:56:11;2020-05-09 21:20:10
06:52:32;True;False;True;False;2020-05-10 05:56:11;2020-05-09 21:20:10
06:53:32;True;False;True;False;2020-05-10 05:56:11;2020-05-09 21:20:10
06:54:32;True;False;True;False;2020-05-10 05:56:11;2020-05-09 21:20:10
06:55:32;True;False;True;False;2020-05-10 05:56:11;2020-05-09 21:20:10
06:56:32;True;False;True;False;2020-05-10 05:56:11;2020-05-09 21:20:10
06:57:32;True;False;True;False;2020-05-10 05:56:11;2020-05-09 21:20:10
06:58:32;True;False;True;False;2020-05-10 05:56:11;2020-05-09 21:20:10
06:59:32;True;False;True;False;2020-05-10 05:56:11;2020-05-09 21:20:10
07:00:32;True;False;True;False;2020-05-10 05:56:11;2020-05-09 21:20:10
07:01:32;True;False;True;False;2020-05-10 05:56:11;2020-05-09 21:20:10
07:02:32;True;False;True;False;2020-05-10 05:56:11;2020-05-09 21:20:10
07:03:32;True;False;True;False;2020-05-10 05:56:11;2020-05-09 21:20:10
07:04:32;True;False;True;False;2020-05-10 05:56:11;2020-05-09 21:20:10
07:05:32;True;False;True;False;2020-05-10 05:56:11;2020-05-09 21:20:10
07:06:32;True;False;True;False;2020-05-10 05:56:11;2020-05-09 21:20:10
07:07:32;True;False;True;False;2020-05-10 05:56:11;2020-05-09 21:20:10
07:08:32;True;False;True;False;2020-05-10 05:56:11;2020-05-09 21:20:10
07:09:32;True;False;True;False;2020-05-10 05:56:11;2020-05-09 21:20:10
07:10:32;True;False;True;False;2020-05-10 05:56:11;2020-05-09 21:20:10
07:11:32;True;False;True;False;2020-05-10 05:56:11;2020-05-09 21:20:10
07:12:32;True;False;True;False;2020-05-10 05:56:11;2020-05-09 21:20:10
07:13:32;True;False;True;False;2020-05-10 05:56:11;2020-05-09 21:20:10
07:14:32;True;False;True;False;2020-05-10 05:56:11;2020-05-09 21:20:10
07:15:32;True;False;True;False;2020-05-10 05:56:11;2020-05-09 21:20:10
07:16:32;True;False;True;False;2020-05-10 05:56:11;2020-05-09 21:20:10
07:17:32;True;False;True;False;2020-05-10 05:56:11;2020-05-09 21:20:10
07:18:32;True;False;True;False;2020-05-10 05:56:11;2020-05-09 21:20:10
07:19:32;True;False;True;False;2020-05-10 05:56:11;2020-05-09 21:20:10
07:20:32;True;False;True;False;2020-05-10 05:56:11;2020-05-09 21:20:10
07:21:32;True;False;True;False;2020-05-10 05:56:11;2020-05-09 21:20:10
07:22:32;True;False;True;False;2020-05-10 05:56:11;2020-05-09 21:20:10
07:23:32;True;False;True;False;2020-05-10 05:56:11;2020-05-09 21:20:10
07:24:32;True;False;True;False;2020-05-10 05:56:11;2020-05-09 21:20:10
07:25:32;True;False;True;False;2020-05-10 05:56:11;2020-05-09 21:20:10
07:26:32;True;False;True;False;2020-05-10 05:56:11;2020-05-09 21:20:10
07:27:32;True;False;True;False;2020-05-10 05:56:11;2020-05-09 21:20:10
07:28:32;True;False;True;False;2020-05-10 05:56:11;2020-05-09 21:20:10
07:29:32;True;False;True;False;2020-05-10 05:56:11;2020-05-09 21:20:10
07:30:32;True;False;True;False;2020-05-10 05:56:11;2020-05-09 21:20:10
07:31:32;True;False;True;False;2020-05-10 05:56:11;2020-05-09 21:20:10
07:32:32;True;False;True;False;2020-05-10 05:56:11;2020-05-09 21:20:10
07:33:32;True;False;True;False;2020-05-10 05:56:11;2020-05-09 21:20:10
07:34:38;True;False;True;False;2020-05-10 05:56:11;2020-05-09 21:20:10
07:35:38;True;False;True;False;2020-05-10 05:56:11;2020-05-09 21:20:10
07:36:38;True;False;True;False;2020-05-10 05:56:11;2020-05-09 21:20:10
07:37:38;True;False;True;False;2020-05-10 05:56:11;2020-05-09 21:20:10
07:38:38;True;False;True;False;2020-05-10 05:56:11;2020-05-09 21:20:10
07:39:38;True;False;True;False;2020-05-10 05:56:11;2020-05-09 21:20:10
07:40:38;True;False;True;False;2020-05-10 05:56:11;2020-05-09 21:20:10
07:41:38;True;False;True;False;2020-05-10 05:56:11;2020-05-09 21:20:10
07:42:38;True;False;True;False;2020-05-10 05:56:11;2020-05-09 21:20:10
07:43:38;True;False;True;False;2020-05-10 05:56:11;2020-05-09 21:20:10
07:44:38;True;False;True;False;2020-05-10 05:56:11;2020-05-09 21:20:10
07:45:38;True;False;True;False;2020-05-10 05:56:11;2020-05-09 21:20:10
07:46:38;True;False;True;False;2020-05-10 05:56:11;2020-05-09 21:20:10
07:47:38;True;False;True;False;2020-05-10 05:56:11;2020-05-09 21:20:10
07:48:38;True;False;True;False;2020-05-10 05:56:11;2020-05-09 21:20:10
07:49:38;True;False;True;False;2020-05-10 05:56:11;2020-05-09 21:20:10
07:50:38;True;False;True;False;2020-05-10 05:56:11;2020-05-09 21:20:10
07:51:38;True;False;True;False;2020-05-10 05:56:11;2020-05-09 21:20:10
07:52:38;True;False;True;False;2020-05-10 05:56:11;2020-05-09 21:20:10
07:53:38;True;False;True;False;2020-05-10 05:56:11;2020-05-09 21:20:10
07:54:38;True;False;True;False;2020-05-10 05:56:11;2020-05-09 21:20:10
07:55:38;True;False;True;False;2020-05-10 05:56:11;2020-05-09 21:20:10
07:56:38;True;False;True;False;2020-05-10 05:56:11;2020-05-09 21:20:10
07:57:38;True;False;True;False;2020-05-10 05:56:11;2020-05-09 21:20:10
07:58:38;True;False;True;False;2020-05-10 05:56:11;2020-05-09 21:20:10
07:59:38;True;False;True;False;2020-05-10 05:56:11;2020-05-09 21:20:10
08:00:38;True;False;True;False;2020-05-10 05:56:11;2020-05-09 21:20:10
08:01:38;True;False;True;False;2020-05-10 05:56:11;2020-05-09 21:20:10
08:02:38;True;False;True;False;2020-05-10 05:56:11;2020-05-09 21:20:10
08:03:38;True;False;True;False;2020-05-10 05:56:11;2020-05-09 21:20:10
08:04:38;True;False;True;False;2020-05-10 05:56:11;2020-05-09 21:20:10
08:05:38;True;False;True;False;2020-05-10 05:56:11;2020-05-09 21:20:10
08:06:38;True;False;True;False;2020-05-10 05:56:11;2020-05-09 21:20:10
08:07:38;True;False;True;False;2020-05-10 05:56:11;2020-05-09 21:20:10
08:08:38;True;False;True;False;2020-05-10 05:56:11;2020-05-09 21:20:10
08:09:38;True;False;True;False;2020-05-10 05:56:11;2020-05-09 21:20:10
08:09:46;True;False;True;False;2020-05-10 05:56:11;2020-05-09 21:20:10
08:10:48;True;False;True;False;2020-05-10 05:56:11;2020-05-09 21:20:10
08:11:48;True;False;True;False;2020-05-10 05:56:11;2020-05-09 21:20:10
08:12:48;True;False;True;False;2020-05-10 05:56:11;2020-05-09 21:20:10
08:13:48;True;False;True;False;2020-05-10 05:56:11;2020-05-09 21:20:10
08:14:48;True;False;True;False;2020-05-10 05:56:11;2020-05-09 21:20:10
08:15:48;True;False;True;False;2020-05-10 05:56:11;2020-05-09 21:20:10
08:16:48;True;False;True;False;2020-05-10 05:56:11;2020-05-09 21:20:10
08:17:48;True;False;True;False;2020-05-10 05:56:11;2020-05-09 21:20:10
